ablation_type,configuration,accuracy,macro_f1,weighted_f1,latency_ms,parameters,notes
Modality,Hand Only (42 nodes),0.3333,0.1967,0.2194,79.42,2137818,Active nodes: [0:42]
Modality,Hand + Upper Body (53 nodes),0.8333,0.7667,0.7778,76.97,2137818,Active nodes: [0:53]
Modality,Full Multimodal (93 nodes),0.8333,0.7667,0.7778,85.31,2137818,Active nodes: [0:93]
Graph Topology,Uniform Partitioning (K=1),0.8333,0.76,0.7667,107.72,2137818,Adjacency strategy: uniform
Graph Topology,Distance Partitioning (K=2),0.8333,0.76,0.7667,83.18,2137818,Adjacency strategy: distance
Graph Topology,Spatial Configuration Partitioning (K=3),0.8333,0.7667,0.7778,127.79,2137818,Adjacency strategy: spatial
Temporal Modeling,ST-GCN (Temporal Conv k=9),0.8333,0.7667,0.7778,85.31,2137818,1D temporal convolutions with receptive field k=9
Temporal Modeling,Recurrent Baseline (BiLSTM),0.4167,0.3067,0.3111,10.04,597898,Linear projection + BiLSTM recurrent temporal modeling
Sequence Length,T=15 frames,0.5,0.4067,0.4556,76.33,2137818,Simulated temporal resolution T=15
Sequence Length,T=30 frames,0.6667,0.5733,0.5944,81.98,2137818,Simulated temporal resolution T=30
Sequence Length,T=45 frames,0.8333,0.7667,0.7778,91.74,2137818,Simulated temporal resolution T=45
Sequence Length,T=60 frames,0.75,0.6333,0.6667,81.34,2137818,Simulated temporal resolution T=60
Freezing vs Joint,Frozen ST-GCN + Trainable Transformer,0.8333,0.9167,0.9167,164.2,3100776,ST-GCN visual encoder frozen; prevents catastrophic forgetting on small datasets
Freezing vs Joint,Joint End-to-End Fine-Tuning,0.75,0.8434,0.8434,164.2,3100776,Joint optimization leads to rapid representation collapse and overfitting on N=36 training samples
