condition,accuracy,macro_f1,weighted_f1,failure_rate,sample_count
Clean (Normal Condition),0.8333,0.7667,0.7778,0.1667,12
Low Noise (sigma=0.01),0.8333,0.7667,0.7778,0.1667,12
Medium Noise (sigma=0.03),0.8333,0.7667,0.7778,0.1667,12
High Noise (sigma=0.05),0.8333,0.7667,0.7778,0.1667,12
Frame Dropout 10%,0.25,0.1722,0.1852,0.75,12
Frame Dropout 25%,0.25,0.225,0.1875,0.75,12
Frame Dropout 50%,0.1667,0.0867,0.1278,0.8333,12
Slow Signing (0.75x),0.5833,0.5333,0.5278,0.4167,12
Fast Signing (1.25x),0.3333,0.2333,0.2361,0.6667,12
Rapid Signing (1.50x),0.4167,0.3667,0.4028,0.5833,12
Occluded Left Hand,0.5833,0.4567,0.4972,0.4167,12
Occluded Right Hand,0.9167,0.88,0.8833,0.0833,12
Occluded Face,0.8333,0.7667,0.7778,0.1667,12
Horizontal Mirroring,0.1667,0.0571,0.0476,0.8333,12
