class_id,class_label,train_count,val_count,test_count,total_count
0,bank,14,2,6,22
1,biglarge,15,2,4,21
2,bird,22,2,1,25
3,black,14,1,5,20
4,boy,15,2,4,21
5,brother,14,2,5,21
6,car,14,2,4,20
7,cellphone,9,1,4,14
8,court,18,2,3,23
9,cow,16,2,3,21
10,death,8,1,5,14
11,dog,12,1,7,20
12,dry,19,2,0,21
13,election,11,1,2,14
14,fall,11,1,3,15
15,fan,11,1,3,15
16,father,16,2,2,20
17,girl,16,2,2,20
18,good,16,2,3,21
19,goodmorning,15,2,4,21
20,happy,16,2,3,21
21,hat,13,1,6,20
22,hello,13,1,7,21
23,hot,14,1,6,21
24,house,18,2,1,21
25,i,31,4,6,41
26,it,11,1,9,21
27,long,14,1,6,21
28,loud,13,2,6,21
29,monday,11,1,2,14
30,new,16,2,3,21
31,paint,11,1,3,15
32,pen,11,1,2,14
33,priest,13,1,1,15
34,quiet,16,2,3,21
35,red,16,2,2,20
36,shoes,14,2,4,20
37,short,14,2,6,22
38,smalllittle,16,2,4,22
39,storeorshop,16,2,4,22
40,summer,10,1,3,14
41,teacher,10,1,3,14
42,thankyou,13,1,7,21
43,time,11,1,3,15
44,trainticket,12,1,8,21
45,tshirt,0,0,0,0
46,white,17,2,1,20
47,window,10,1,3,14
48,year,7,1,7,15
49,youplural,0,0,0,0
