sample_id,original_path,category,class_label,class_id,split,signer_id,status
train_MVI_3612,Places/23. Court/MVI_3612.MOV,Places,court,8,train,signer_36,REGISTERED
train_MVI_0089,Greetings/48. Hello/MVI_0089.MOV,Greetings,hello,22,train,signer_00,REGISTERED
train_MVI_3040,Animals/4. Bird/MVI_3040.MOV,Animals,bird,2,train,signer_30,REGISTERED
train_MVI_9269,Adjectives/94. good/MVI_9269.MOV,Adjectives,good,18,train,signer_92,REGISTERED
train_MVI_9100,Electronics/54. Cell phone/MVI_9100.MOV,Electronics,cellphone,7,train,signer_91,REGISTERED
train_MVI_4364,Home/28. Window/MVI_4364.MOV,Home,window,47,train,signer_43,REGISTERED
train_MVI_5137,Adjectives/87. hot/MVI_5137.MOV,Adjectives,hot,23,train,signer_51,REGISTERED
train_MVI_5009,Days_and_Time/67. Monday/MVI_5009.MOV,Days_and_Time,monday,29,train,signer_50,REGISTERED
train_MVI_3310,Places/28. Store or Shop/MVI_3310.MOV,Places,storeorshop,39,train,signer_33,REGISTERED
train_MVI_3134,Means_of_Transportation/16. train ticket/MVI_3134.MOV,Means_of_Transportation,trainticket,44,train,signer_31,REGISTERED
train_MVI_3582,Places/35. Bank/MVI_3582.MOV,Places,bank,0,train,signer_35,REGISTERED
train_MVI_9955,Greetings/48. Hello/MVI_9955.MOV,Greetings,hello,22,train,signer_99,REGISTERED
train_MVI_8631,People/66. Brother/MVI_8631.MOV,People,brother,5,train,signer_86,REGISTERED
train_MVI_5285,People/77. Boy/MVI_5285.MOV,People,boy,4,train,signer_52,REGISTERED
train_MVI_9523,Adjectives/97. dry/MVI_9523.MOV,Adjectives,dry,12,train,signer_95,REGISTERED
train_MVI_9984,Greetings/48. Hello/MVI_9984.MOV,Greetings,hello,22,train,signer_99,REGISTERED
train_MVI_4744,Jobs/84. Teacher/MVI_4744.MOV,Jobs,teacher,41,train,signer_47,REGISTERED
train_MVI_4177,Means_of_Transportation/11. Car/MVI_4177.MOV,Means_of_Transportation,car,6,train,signer_41,REGISTERED
train_MVI_9455,Adjectives/3. happy/MVI_9455.MOV,Adjectives,happy,20,train,signer_94,REGISTERED
train_MVI_4018,Colours/47. Red/MVI_4018.MOV,Colours,red,35,train,signer_40,REGISTERED
train_MVI_4667,Days_and_Time/86. Time/MVI_4667.MOV,Days_and_Time,time,43,train,signer_46,REGISTERED
train_MVI_3850,Clothes/42. T-Shirt/MVI_3850.MOV,Clothes,i,25,train,signer_38,REGISTERED
train_MVI_4009,Clothes/44. Shoes/MVI_4009.MOV,Clothes,shoes,36,train,signer_40,REGISTERED
train_MVI_3366,Places/23. Court/MVI_3366.MOV,Places,court,8,train,signer_33,REGISTERED
train_MVI_5061,Colours/55. White/MVI_5061.MOV,Colours,white,46,train,signer_50,REGISTERED
train_MVI_3351,Places/19. House/MVI_3351.MOV,Places,house,24,train,signer_33,REGISTERED
train_MVI_4567,Seasons/61. Summer/MVI_4567.MOV,Seasons,summer,40,train,signer_45,REGISTERED
train_MVI_4899,Colours/47. Red/MVI_4899.MOV,Colours,red,35,train,signer_48,REGISTERED
train_MVI_3814,People/77. Boy/MVI_3814.MOV,People,boy,4,train,signer_38,REGISTERED
train_MVI_4923,Colours/55. White/MVI_4923.MOV,Colours,white,46,train,signer_49,REGISTERED
train_MVI_0047,Greetings/51. Good Morning/MVI_0047.MOV,Greetings,goodmorning,19,train,signer_00,REGISTERED
train_MVI_4414,Home/40. Paint/MVI_4414.MOV,Home,paint,31,train,signer_44,REGISTERED
train_MVI_3352,Places/19. House/MVI_3352.MOV,Places,house,24,train,signer_33,REGISTERED
train_MVI_3688,Clothes/37. Hat/MVI_3688.MOV,Clothes,hat,21,train,signer_36,REGISTERED
train_MVI_9398,Adjectives/84. small little/MVI_9398.MOV,Adjectives,smalllittle,38,train,signer_93,REGISTERED
train_MVI_5436,Seasons/64. Fall/MVI_5436.MOV,Seasons,fall,14,train,signer_54,REGISTERED
train_MVI_9299,Adjectives/78. long/MVI_9299.MOV,Adjectives,long,27,train,signer_92,REGISTERED
train_MVI_5189,Adjectives/79. short/MVI_5189.MOV,Adjectives,short,37,train,signer_51,REGISTERED
train_MVI_4258,Society/2. Death/MVI_4258.MOV,Society,death,10,train,signer_42,REGISTERED
train_MVI_5126,Adjectives/84. small little/MVI_5126.MOV,Adjectives,smalllittle,38,train,signer_51,REGISTERED
train_MVI_8818,Home/40. Paint/MVI_8818.MOV,Home,paint,31,train,signer_88,REGISTERED
train_MVI_5096,People/66. Brother/MVI_5096.MOV,People,brother,5,train,signer_50,REGISTERED
train_MVI_5308,Adjectives/91. new/MVI_5308.MOV,Adjectives,new,30,train,signer_53,REGISTERED
train_MVI_4109,People/77. Boy/MVI_4109.MOV,People,boy,4,train,signer_41,REGISTERED
train_MVI_0013,Pronouns/44. it/MVI_0013.MOV,Pronouns,it,26,train,signer_00,REGISTERED
train_MVI_5424,Seasons/61. Summer/MVI_5424.MOV,Seasons,summer,40,train,signer_54,REGISTERED
train_MVI_0013,Pronouns/40. I/MVI_0013.MOV,Pronouns,i,25,train,signer_00,REGISTERED
train_MVI_0022,Pronouns/46. you (plural)/MVI_0022.MOV,Pronouns,unknown,-1,train,signer_00,REGISTERED
train_MVI_8567,Animals/4. Bird/MVI_8567.MOV,Animals,bird,2,train,signer_85,REGISTERED
train_MVI_8866,Jobs/84. Teacher/MVI_8866.MOV,Jobs,teacher,41,train,signer_88,REGISTERED
train_MVI_5185,Colours/47. Red/MVI_5185.MOV,Colours,red,35,train,signer_51,REGISTERED
train_MVI_3268,Places/19. House/MVI_3268.MOV,Places,house,24,train,signer_32,REGISTERED
train_MVI_8794,Home/34. Pen/MVI_8794.MOV,Home,pen,32,train,signer_87,REGISTERED
train_MVI_5341,Adjectives/3. happy/MVI_5341.MOV,Adjectives,happy,20,train,signer_53,REGISTERED
train_MVI_0001,Pronouns/40. I/MVI_0001.MOV,Pronouns,i,25,train,signer_00,REGISTERED
train_MVI_3003,Animals/1. Dog/MVI_3003.MOV,Animals,dog,11,train,signer_30,REGISTERED
train_MVI_8930,Society/2. Death/MVI_8930.MOV,Society,death,10,train,signer_89,REGISTERED
train_MVI_2989,Animals/4. Bird/MVI_2989.MOV,Animals,bird,2,train,signer_29,REGISTERED
train_MVI_4076,People/66. Brother/MVI_4076.MOV,People,brother,5,train,signer_40,REGISTERED
train_MVI_4362,Home/28. Window/MVI_4362.MOV,Home,window,47,train,signer_43,REGISTERED
train_MVI_3818,People/78. Girl/MVI_3818.MOV,People,girl,17,train,signer_38,REGISTERED
train_MVI_3270,Places/19. House/MVI_3270.MOV,Places,house,24,train,signer_32,REGISTERED
train_MVI_0043,Greetings/51. Good Morning/MVI_0043.MOV,Greetings,goodmorning,19,train,signer_00,REGISTERED
train_MVI_3209,Means_of_Transportation/11. Car/MVI_3209.MOV,Means_of_Transportation,car,6,train,signer_32,REGISTERED
train_MVI_8969,Society/14. Election/MVI_8969.MOV,Society,election,13,train,signer_89,REGISTERED
train_MVI_3816,People/77. Boy/MVI_3816.MOV,People,boy,4,train,signer_38,REGISTERED
train_MVI_3196,Means_of_Transportation/16. train ticket/MVI_3196.MOV,Means_of_Transportation,trainticket,44,train,signer_31,REGISTERED
train_MVI_0062,Greetings/55. Thank you/MVI_0062.MOV,Greetings,thankyou,42,train,signer_00,REGISTERED
train_MVI_4197,Clothes/37. Hat/MVI_4197.MOV,Clothes,hat,21,train,signer_41,REGISTERED
train_MVI_0098,Greetings/51. Good Morning/MVI_0098.MOV,Greetings,goodmorning,19,train,signer_00,REGISTERED
train_MVI_8712,Society/14. Election/MVI_8712.MOV,Society,election,13,train,signer_87,REGISTERED
train_MVI_3224,Means_of_Transportation/16. train ticket/MVI_3224.MOV,Means_of_Transportation,trainticket,44,train,signer_32,REGISTERED
train_MVI_5123,Adjectives/83. big large/MVI_5123.MOV,Adjectives,biglarge,1,train,signer_51,REGISTERED
train_MVI_3553,Places/28. Store or Shop/MVI_3553.MOV,Places,storeorshop,39,train,signer_35,REGISTERED
train_MVI_3635,Places/28. Store or Shop/MVI_3635.MOV,Places,storeorshop,39,train,signer_36,REGISTERED
train_MVI_9014,Home/28. Window/MVI_9014.MOV,Home,window,47,train,signer_90,REGISTERED
train_MVI_9500,Adjectives/91. new/MVI_9500.MOV,Adjectives,new,30,train,signer_95,REGISTERED
train_MVI_8864,Jobs/84. Teacher/MVI_8864.MOV,Jobs,teacher,41,train,signer_88,REGISTERED
train_MVI_3501,Places/35. Bank/MVI_3501.MOV,Places,bank,0,train,signer_35,REGISTERED
train_MVI_4110,People/77. Boy/MVI_4110.MOV,People,boy,4,train,signer_41,REGISTERED
train_MVI_3072,Animals/4. Bird/MVI_3072.MOV,Animals,bird,2,train,signer_30,REGISTERED
train_MVI_3455,Places/23. Court/MVI_3455.MOV,Places,court,8,train,signer_34,REGISTERED
train_MVI_4957,People/66. Brother/MVI_4957.MOV,People,brother,5,train,signer_49,REGISTERED
train_MVI_5343,Adjectives/3. happy/MVI_5343.MOV,Adjectives,happy,20,train,signer_53,REGISTERED
train_MVI_9458,Adjectives/78. long/MVI_9458.MOV,Adjectives,long,27,train,signer_94,REGISTERED
train_MVI_9461,Adjectives/79. short/MVI_9461.MOV,Adjectives,short,37,train,signer_94,REGISTERED
train_MVI_3534,Places/23. Court/MVI_3534.MOV,Places,court,8,train,signer_35,REGISTERED
train_MVI_9453,Adjectives/2. quiet/MVI_9453.MOV,Adjectives,quiet,34,train,signer_94,REGISTERED
train_MVI_9368,Adjectives/1. loud/MVI_9368.MOV,Adjectives,loud,28,train,signer_93,REGISTERED
train_MVI_3015,Animals/5. Cow/MVI_3015.MOV,Animals,cow,9,train,signer_30,REGISTERED
train_MVI_2979,Animals/1. Dog/MVI_2979.MOV,Animals,dog,11,train,signer_29,REGISTERED
train_MVI_9510,Adjectives/94. good/MVI_9510.MOV,Adjectives,good,18,train,signer_95,REGISTERED
train_MVI_9947,Pronouns/46. you (plural)/MVI_9947.MOV,Pronouns,unknown,-1,train,signer_99,REGISTERED
train_MVI_9986,Greetings/55. Thank you/MVI_9986.MOV,Greetings,thankyou,42,train,signer_99,REGISTERED
train_MVI_4223,People/61. Father/MVI_4223.MOV,People,father,16,train,signer_42,REGISTERED
train_MVI_4113,People/78. Girl/MVI_4113.MOV,People,girl,17,train,signer_41,REGISTERED
train_MVI_0007,Greetings/55. Thank you/MVI_0007.MOV,Greetings,thankyou,42,train,signer_00,REGISTERED
train_MVI_0082,Pronouns/46. you (plural)/MVI_0082.MOV,Pronouns,unknown,-1,train,signer_00,REGISTERED
train_MVI_3743,Colours/55. White/MVI_3743.MOV,Colours,white,46,train,signer_37,REGISTERED
train_MVI_9522,Adjectives/97. dry/MVI_9522.MOV,Adjectives,dry,12,train,signer_95,REGISTERED
train_MVI_4887,Clothes/44. Shoes/MVI_4887.MOV,Clothes,shoes,36,train,signer_48,REGISTERED
train_MVI_4003,Clothes/42. T-Shirt/MVI_4003.MOV,Clothes,i,25,train,signer_40,REGISTERED
train_MVI_4488,Jobs/91. Priest/MVI_4488.MOV,Jobs,priest,33,train,signer_44,REGISTERED
train_MVI_4928,Home/40. Paint/MVI_4928.MOV,Home,paint,31,train,signer_49,REGISTERED
train_MVI_4389,Home/34. Pen/MVI_4389.MOV,Home,pen,32,train,signer_43,REGISTERED
train_MVI_9370,Adjectives/1. loud/MVI_9370.MOV,Adjectives,loud,28,train,signer_93,REGISTERED
train_MVI_5148,Adjectives/91. new/MVI_5148.MOV,Adjectives,new,30,train,signer_51,REGISTERED
train_MVI_5179,Adjectives/1. loud/MVI_5179.MOV,Adjectives,loud,28,train,signer_51,REGISTERED
train_MVI_3094,Animals/4. Bird/MVI_3094.MOV,Animals,bird,2,train,signer_30,REGISTERED
train_MVI_9932,Greetings/51. Good Morning/MVI_9932.MOV,Greetings,goodmorning,19,train,signer_99,REGISTERED
train_MVI_5128,Adjectives/84. small little/MVI_5128.MOV,Adjectives,smalllittle,38,train,signer_51,REGISTERED
train_MVI_4881,Home/28. Window/MVI_4881.MOV,Home,window,47,train,signer_48,REGISTERED
train_MVI_4965,Electronics/53. Fan/MVI_4965.MOV,Electronics,fan,15,train,signer_49,REGISTERED
train_MVI_9521,Adjectives/97. dry/MVI_9521.MOV,Adjectives,dry,12,train,signer_95,REGISTERED
train_MVI_5265,Adjectives/3. happy/MVI_5265.MOV,Adjectives,happy,20,train,signer_52,REGISTERED
train_MVI_3531,Places/23. Court/MVI_3531.MOV,Places,court,8,train,signer_35,REGISTERED
train_MVI_5342,Adjectives/3. happy/MVI_5342.MOV,Adjectives,happy,20,train,signer_53,REGISTERED
train_MVI_9450,Adjectives/1. loud/MVI_9450.MOV,Adjectives,loud,28,train,signer_94,REGISTERED
train_MVI_5288,Adjectives/84. small little/MVI_5288.MOV,Adjectives,smalllittle,38,train,signer_52,REGISTERED
train_MVI_5038,Colours/47. Red/MVI_5038.MOV,Colours,red,35,train,signer_50,REGISTERED
train_MVI_3867,Colours/47. Red/MVI_3867.MOV,Colours,red,35,train,signer_38,REGISTERED
train_MVI_3254,Means_of_Transportation/16. train ticket/MVI_3254.MOV,Means_of_Transportation,trainticket,44,train,signer_32,REGISTERED
train_MVI_5011,Days_and_Time/67. Monday/MVI_5011.MOV,Days_and_Time,monday,29,train,signer_50,REGISTERED
train_MVI_9476,Adjectives/83. big large/MVI_9476.MOV,Adjectives,biglarge,1,train,signer_94,REGISTERED
train_MVI_5021,Clothes/42. T-Shirt/MVI_5021.MOV,Clothes,i,25,train,signer_50,REGISTERED
train_MVI_4840,Society/14. Election/MVI_4840.MOV,Society,election,13,train,signer_48,REGISTERED
train_MVI_9382,Adjectives/79. short/MVI_9382.MOV,Adjectives,short,37,train,signer_93,REGISTERED
train_MVI_3308,Places/28. Store or Shop/MVI_3308.MOV,Places,storeorshop,39,train,signer_33,REGISTERED
train_MVI_5048,Days_and_Time/78. Year/MVI_5048.MOV,Days_and_Time,year,48,train,signer_50,REGISTERED
train_MVI_9949,Greetings/55. Thank you/MVI_9949.MOV,Greetings,thankyou,42,train,signer_99,REGISTERED
train_MVI_3765,People/61. Father/MVI_3765.MOV,People,father,16,train,signer_37,REGISTERED
train_MVI_9916,Greetings/48. Hello/MVI_9916.MOV,Greetings,hello,22,train,signer_99,REGISTERED
train_MVI_0083,Pronouns/46. you (plural)/MVI_0083.MOV,Pronouns,unknown,-1,train,signer_00,REGISTERED
train_MVI_5062,Colours/55. White/MVI_5062.MOV,Colours,white,46,train,signer_50,REGISTERED
train_MVI_3610,Places/23. Court/MVI_3610.MOV,Places,court,8,train,signer_36,REGISTERED
train_MVI_3175,Means_of_Transportation/11. Car/MVI_3175.MOV,Means_of_Transportation,car,6,train,signer_31,REGISTERED
train_MVI_9270,Adjectives/94. good/MVI_9270.MOV,Adjectives,good,18,train,signer_92,REGISTERED
train_MVI_4305,Society/14. Election/MVI_4305.MOV,Society,election,13,train,signer_43,REGISTERED
train_MVI_3437,Places/19. House/MVI_3437.MOV,Places,house,24,train,signer_34,REGISTERED
train_MVI_4580,Seasons/64. Fall/MVI_4580.MOV,Seasons,fall,14,train,signer_45,REGISTERED
train_MVI_3030,Animals/1. Dog/MVI_3030.MOV,Animals,dog,11,train,signer_30,REGISTERED
train_MVI_5188,Adjectives/78. long/MVI_5188.MOV,Adjectives,long,27,train,signer_51,REGISTERED
train_MVI_4670,Days_and_Time/86. Time/MVI_4670.MOV,Days_and_Time,time,43,train,signer_46,REGISTERED
train_MVI_4207,Colours/47. Red/MVI_4207.MOV,Colours,red,35,train,signer_42,REGISTERED
train_MVI_3912,People/61. Father/MVI_3912.MOV,People,father,16,train,signer_39,REGISTERED
train_MVI_9033,Home/34. Pen/MVI_9033.MOV,Home,pen,32,train,signer_90,REGISTERED
train_MVI_4062,People/61. Father/MVI_4062.MOV,People,father,16,train,signer_40,REGISTERED
train_MVI_3164,Means_of_Transportation/16. train ticket/MVI_3164.MOV,Means_of_Transportation,trainticket,44,train,signer_31,REGISTERED
train_MVI_0037,Greetings/48. Hello/MVI_0037.MOV,Greetings,hello,22,train,signer_00,REGISTERED
train_MVI_9946,Pronouns/46. you (plural)/MVI_9946.MOV,Pronouns,unknown,-1,train,signer_99,REGISTERED
train_MVI_4926,Home/40. Paint/MVI_4926.MOV,Home,paint,31,train,signer_49,REGISTERED
train_MVI_3763,People/61. Father/MVI_3763.MOV,People,father,16,train,signer_37,REGISTERED
train_MVI_9378,Adjectives/78. long/MVI_9378.MOV,Adjectives,long,27,train,signer_93,REGISTERED
train_MVI_9954,Greetings/48. Hello/MVI_9954.MOV,Greetings,hello,22,train,signer_99,REGISTERED
train_MVI_9881,Pronouns/40. I/MVI_9881.MOV,Pronouns,i,25,train,signer_98,REGISTERED
train_MVI_5345,Jobs/91. Priest/MVI_5345.MOV,Jobs,priest,33,train,signer_53,REGISTERED
train_MVI_9134,Seasons/64. Fall/MVI_9134.MOV,Seasons,fall,14,train,signer_91,REGISTERED
train_MVI_3516,Places/19. House/MVI_3516.MOV,Places,house,24,train,signer_35,REGISTERED
train_MVI_3071,Animals/4. Bird/MVI_3071.MOV,Animals,bird,2,train,signer_30,REGISTERED
train_MVI_4114,People/78. Girl/MVI_4114.MOV,People,girl,17,train,signer_41,REGISTERED
train_MVI_5081,People/61. Father/MVI_5081.MOV,People,father,16,train,signer_50,REGISTERED
train_MVI_5336,Adjectives/1. loud/MVI_5336.MOV,Adjectives,loud,28,train,signer_53,REGISTERED
train_MVI_3500,Places/35. Bank/MVI_3500.MOV,Places,bank,0,train,signer_35,REGISTERED
train_MVI_8769,Home/28. Window/MVI_8769.MOV,Home,window,47,train,signer_87,REGISTERED
train_MVI_3370,Places/23. Court/MVI_3370.MOV,Places,court,8,train,signer_33,REGISTERED
train_MVI_9176,Days_and_Time/78. Year/MVI_9176.MOV,Days_and_Time,year,48,train,signer_91,REGISTERED
train_MVI_5058,Colours/54. Black/MVI_5058.MOV,Colours,black,3,train,signer_50,REGISTERED
train_MVI_8606,Clothes/42. T-Shirt/MVI_8606.MOV,Clothes,i,25,train,signer_86,REGISTERED
train_MVI_5227,People/61. Father/MVI_5227.MOV,People,father,16,train,signer_52,REGISTERED
train_MVI_4990,Seasons/61. Summer/MVI_4990.MOV,Seasons,summer,40,train,signer_49,REGISTERED
train_MVI_3474,Places/28. Store or Shop/MVI_3474.MOV,Places,storeorshop,39,train,signer_34,REGISTERED
train_MVI_9512,Adjectives/94. good/MVI_9512.MOV,Adjectives,good,18,train,signer_95,REGISTERED
train_MVI_4490,Jobs/91. Priest/MVI_4490.MOV,Jobs,priest,33,train,signer_44,REGISTERED
train_MVI_3059,Animals/1. Dog/MVI_3059.MOV,Animals,dog,11,train,signer_30,REGISTERED
train_MVI_5095,People/66. Brother/MVI_5095.MOV,People,brother,5,train,signer_50,REGISTERED
train_MVI_5342,Jobs/91. Priest/MVI_5342.MOV,Jobs,priest,33,train,signer_53,REGISTERED
train_MVI_3210,Means_of_Transportation/11. Car/MVI_3210.MOV,Means_of_Transportation,car,6,train,signer_32,REGISTERED
train_MVI_4536,Electronics/53. Fan/MVI_4536.MOV,Electronics,fan,15,train,signer_45,REGISTERED
train_MVI_9959,Pronouns/40. I/MVI_9959.MOV,Pronouns,i,25,train,signer_99,REGISTERED
train_MVI_4257,Society/2. Death/MVI_4257.MOV,Society,death,10,train,signer_42,REGISTERED
train_MVI_3117,Means_of_Transportation/11. Car/MVI_3117.MOV,Means_of_Transportation,car,6,train,signer_31,REGISTERED
train_MVI_3721,Colours/47. Red/MVI_3721.MOV,Colours,red,35,train,signer_37,REGISTERED
train_MVI_3817,People/78. Girl/MVI_3817.MOV,People,girl,17,train,signer_38,REGISTERED
train_MVI_5001,Seasons/64. Fall/MVI_5001.MOV,Seasons,fall,14,train,signer_50,REGISTERED
train_MVI_9460,Adjectives/78. long/MVI_9460.MOV,Adjectives,long,27,train,signer_94,REGISTERED
train_MVI_3502,Places/35. Bank/MVI_3502.MOV,Places,bank,0,train,signer_35,REGISTERED
train_MVI_5491,Days_and_Time/78. Year/MVI_5491.MOV,Days_and_Time,year,48,train,signer_54,REGISTERED
train_MVI_8596,Means_of_Transportation/16. train ticket/MVI_8596.MOV,Means_of_Transportation,trainticket,44,train,signer_85,REGISTERED
train_MVI_3745,Colours/55. White/MVI_3745.MOV,Colours,white,46,train,signer_37,REGISTERED
train_MVI_9380,Adjectives/79. short/MVI_9380.MOV,Adjectives,short,37,train,signer_93,REGISTERED
train_MVI_9451,Adjectives/2. quiet/MVI_9451.MOV,Adjectives,quiet,34,train,signer_94,REGISTERED
train_MVI_3452,Places/23. Court/MVI_3452.MOV,Places,court,8,train,signer_34,REGISTERED
train_MVI_9316,Adjectives/83. big large/MVI_9316.MOV,Adjectives,biglarge,1,train,signer_93,REGISTERED
train_MVI_4304,Society/14. Election/MVI_4304.MOV,Society,election,13,train,signer_43,REGISTERED
train_MVI_3350,Places/19. House/MVI_3350.MOV,Places,house,24,train,signer_33,REGISTERED
train_MVI_3037,Animals/4. Bird/MVI_3037.MOV,Animals,bird,2,train,signer_30,REGISTERED
train_MVI_8767,Home/28. Window/MVI_8767.MOV,Home,window,47,train,signer_87,REGISTERED
train_MVI_9221,Adjectives/79. short/MVI_9221.MOV,Adjectives,short,37,train,signer_92,REGISTERED
train_MVI_5446,Days_and_Time/67. Monday/MVI_5446.MOV,Days_and_Time,monday,29,train,signer_54,REGISTERED
train_MVI_5244,People/66. Brother/MVI_5244.MOV,People,brother,5,train,signer_52,REGISTERED
train_MVI_3781,People/66. Brother/MVI_3781.MOV,People,brother,5,train,signer_37,REGISTERED
train_MVI_3636,Places/28. Store or Shop/Extra/MVI_3636.MOV,Places,storeorshop,39,train,signer_36,REGISTERED
train_MVI_5204,Adjectives/83. big large/MVI_5204.MOV,Adjectives,biglarge,1,train,signer_52,REGISTERED
train_MVI_3339,Places/35. Bank/Extra/MVI_3339.MOV,Places,bank,0,train,signer_33,REGISTERED
train_MVI_5028,Clothes/44. Shoes/MVI_5028.MOV,Clothes,shoes,36,train,signer_50,REGISTERED
train_MVI_9540,Adjectives/3. happy/MVI_9540.MOV,Adjectives,happy,20,train,signer_95,REGISTERED
train_MVI_5492,Days_and_Time/78. Year/MVI_5492.MOV,Days_and_Time,year,48,train,signer_54,REGISTERED
train_MVI_3162,Means_of_Transportation/16. train ticket/MVI_3162.MOV,Means_of_Transportation,trainticket,44,train,signer_31,REGISTERED
train_MVI_3002,Animals/1. Dog/MVI_3002.MOV,Animals,dog,11,train,signer_30,REGISTERED
train_MVI_5310,Jobs/84. Teacher/MVI_5310.MOV,Jobs,teacher,41,train,signer_53,REGISTERED
train_MVI_8661,Society/2. Death/MVI_8661.MOV,Society,death,10,train,signer_86,REGISTERED
train_MVI_4579,Seasons/64. Fall/MVI_4579.MOV,Seasons,fall,14,train,signer_45,REGISTERED
train_MVI_0023,Pronouns/46. you (plural)/MVI_0023.MOV,Pronouns,unknown,-1,train,signer_00,REGISTERED
train_MVI_5010,Days_and_Time/67. Monday/MVI_5010.MOV,Days_and_Time,monday,29,train,signer_50,REGISTERED
train_MVI_4178,Means_of_Transportation/11. Car/MVI_4178.MOV,Means_of_Transportation,car,6,train,signer_41,REGISTERED
train_MVI_5391,Electronics/54. Cell phone/MVI_5391.MOV,Electronics,cellphone,7,train,signer_53,REGISTERED
train_MVI_9203,Days_and_Time/86. Time/MVI_9203.MOV,Days_and_Time,time,43,train,signer_92,REGISTERED
train_MVI_5343,Jobs/91. Priest/MVI_5343.MOV,Jobs,priest,33,train,signer_53,REGISTERED
train_MVI_4230,People/66. Brother/MVI_4230.MOV,People,brother,5,train,signer_42,REGISTERED
train_MVI_3910,People/61. Father/MVI_3910.MOV,People,father,16,train,signer_39,REGISTERED
train_MVI_3147,Means_of_Transportation/11. Car/MVI_3147.MOV,Means_of_Transportation,car,6,train,signer_31,REGISTERED
train_MVI_9908,Pronouns/46. you (plural)/MVI_9908.MOV,Pronouns,unknown,-1,train,signer_99,REGISTERED
train_MVI_4922,Colours/55. White/MVI_4922.MOV,Colours,white,46,train,signer_49,REGISTERED
train_MVI_5266,Adjectives/78. long/MVI_5266.MOV,Adjectives,long,27,train,signer_52,REGISTERED
train_MVI_5008,Clothes/37. Hat/MVI_5008.MOV,Clothes,hat,21,train,signer_50,REGISTERED
train_MVI_5288,People/78. Girl/MVI_5288.MOV,People,girl,17,train,signer_52,REGISTERED
train_MVI_3891,Colours/55. White/MVI_3891.MOV,Colours,white,46,train,signer_38,REGISTERED
train_MVI_9938,Pronouns/44. it/MVI_9938.MOV,Pronouns,it,26,train,signer_99,REGISTERED
train_MVI_3928,People/66. Brother/MVI_3928.MOV,People,brother,5,train,signer_39,REGISTERED
train_MVI_8612,Colours/47. Red/MVI_8612.MOV,Colours,red,35,train,signer_86,REGISTERED
train_MVI_3146,Means_of_Transportation/11. Car/MVI_3146.MOV,Means_of_Transportation,car,6,train,signer_31,REGISTERED
train_MVI_8819,Home/40. Paint/MVI_8819.MOV,Home,paint,31,train,signer_88,REGISTERED
train_MVI_0002,Pronouns/40. I/MVI_0002.MOV,Pronouns,i,25,train,signer_00,REGISTERED
train_MVI_3075,Animals/5. Cow/MVI_3075.MOV,Animals,cow,9,train,signer_30,REGISTERED
train_MVI_9097,Electronics/53. Fan/MVI_9097.MOV,Electronics,fan,15,train,signer_90,REGISTERED
train_MVI_4160,Animals/5. Cow/MVI_4160.MOV,Animals,cow,9,train,signer_41,REGISTERED
train_MVI_9449,Adjectives/1. loud/MVI_9449.MOV,Adjectives,loud,28,train,signer_94,REGISTERED
train_MVI_9478,Adjectives/84. small little/MVI_9478.MOV,Adjectives,smalllittle,38,train,signer_94,REGISTERED
train_MVI_4043,Colours/55. White/MVI_4043.MOV,Colours,white,46,train,signer_40,REGISTERED
train_MVI_9956,Greetings/48. Hello/MVI_9956.MOV,Greetings,hello,22,train,signer_99,REGISTERED
train_MVI_5206,Colours/54. Black/MVI_5206.MOV,Colours,black,3,train,signer_52,REGISTERED
train_MVI_2991,Animals/5. Cow/MVI_2991.MOV,Animals,cow,9,train,signer_29,REGISTERED
train_MVI_3892,Colours/55. White/MVI_3892.MOV,Colours,white,46,train,signer_38,REGISTERED
train_MVI_4956,People/66. Brother/MVI_4956.MOV,People,brother,5,train,signer_49,REGISTERED
train_MVI_5007,Clothes/37. Hat/MVI_5007.MOV,Clothes,hat,21,train,signer_50,REGISTERED
train_MVI_2987,Animals/4. Bird/MVI_2987.MOV,Animals,bird,2,train,signer_29,REGISTERED
train_MVI_3049,Animals/5. Cow/MVI_3049.MOV,Animals,cow,9,train,signer_30,REGISTERED
train_MVI_9298,Adjectives/78. long/MVI_9298.MOV,Adjectives,long,27,train,signer_92,REGISTERED
train_MVI_5108,Adjectives/78. long/MVI_5108.MOV,Adjectives,long,27,train,signer_51,REGISTERED
train_MVI_9317,Adjectives/83. big large/MVI_9317.MOV,Adjectives,biglarge,1,train,signer_93,REGISTERED
train_MVI_0045,Greetings/51. Good Morning/MVI_0045.MOV,Greetings,goodmorning,19,train,signer_00,REGISTERED
train_MVI_3043,Animals/4. Bird/Extra/MVI_3043.MOV,Animals,bird,2,train,signer_30,REGISTERED
train_MVI_5175,Clothes/44. Shoes/MVI_5175.MOV,Clothes,shoes,36,train,signer_51,REGISTERED
train_MVI_3038,Animals/4. Bird/MVI_3038.MOV,Animals,bird,2,train,signer_30,REGISTERED
train_MVI_5110,Adjectives/79. short/MVI_5110.MOV,Adjectives,short,37,train,signer_51,REGISTERED
train_MVI_9218,Adjectives/78. long/MVI_9218.MOV,Adjectives,long,27,train,signer_92,REGISTERED
train_MVI_3889,Colours/54. Black/MVI_3889.MOV,Colours,black,3,train,signer_38,REGISTERED
train_MVI_3764,People/61. Father/MVI_3764.MOV,People,father,16,train,signer_37,REGISTERED
train_MVI_9441,Adjectives/97. dry/MVI_9441.MOV,Adjectives,dry,12,train,signer_94,REGISTERED
train_MVI_4538,Electronics/54. Cell phone/MVI_4538.MOV,Electronics,cellphone,7,train,signer_45,REGISTERED
train_MVI_5309,Adjectives/91. new/MVI_5309.MOV,Adjectives,new,30,train,signer_53,REGISTERED
train_MVI_4002,Clothes/42. T-Shirt/MVI_4002.MOV,Clothes,i,25,train,signer_40,REGISTERED
train_MVI_4242,People/77. Boy/MVI_4242.MOV,People,boy,4,train,signer_42,REGISTERED
train_MVI_5240,Adjectives/94. good/MVI_5240.MOV,Adjectives,good,18,train,signer_52,REGISTERED
train_MVI_5184,Adjectives/3. happy/MVI_5184.MOV,Adjectives,happy,20,train,signer_51,REGISTERED
train_MVI_9541,Adjectives/3. happy/MVI_9541.MOV,Adjectives,happy,20,train,signer_95,REGISTERED
train_MVI_5229,Adjectives/91. new/MVI_5229.MOV,Adjectives,new,30,train,signer_52,REGISTERED
train_MVI_8791,Home/34. Pen/MVI_8791.MOV,Home,pen,32,train,signer_87,REGISTERED
train_MVI_4486,Jobs/91. Priest/MVI_4486.MOV,Jobs,priest,33,train,signer_44,REGISTERED
train_MVI_5167,Adjectives/97. dry/MVI_5167.MOV,Adjectives,dry,12,train,signer_51,REGISTERED
train_MVI_5039,Colours/47. Red/MVI_5039.MOV,Colours,red,35,train,signer_50,REGISTERED
train_MVI_5284,Adjectives/83. big large/MVI_5284.MOV,Adjectives,biglarge,1,train,signer_52,REGISTERED
train_MVI_0061,Greetings/55. Thank you/MVI_0061.MOV,Greetings,thankyou,42,train,signer_00,REGISTERED
train_MVI_4112,People/77. Boy/MVI_4112.MOV,People,boy,4,train,signer_41,REGISTERED
train_MVI_4387,Home/34. Pen/MVI_4387.MOV,Home,pen,32,train,signer_43,REGISTERED
train_MVI_4771,Jobs/91. Priest/MVI_4771.MOV,Jobs,priest,33,train,signer_47,REGISTERED
train_MVI_4888,Clothes/44. Shoes/MVI_4888.MOV,Clothes,shoes,36,train,signer_48,REGISTERED
train_MVI_3985,Clothes/37. Hat/MVI_3985.MOV,Clothes,hat,21,train,signer_39,REGISTERED
train_MVI_4413,Home/40. Paint/MVI_4413.MOV,Home,paint,31,train,signer_44,REGISTERED
train_MVI_8713,Society/14. Election/MVI_8713.MOV,Society,election,13,train,signer_87,REGISTERED
train_MVI_4459,Jobs/84. Teacher/MVI_4459.MOV,Jobs,teacher,41,train,signer_44,REGISTERED
train_MVI_3194,Means_of_Transportation/16. train ticket/MVI_3194.MOV,Means_of_Transportation,trainticket,44,train,signer_31,REGISTERED
train_MVI_4839,Society/14. Election/MVI_4839.MOV,Society,election,13,train,signer_48,REGISTERED
train_MVI_5524,Days_and_Time/86. Time/MVI_5524.MOV,Days_and_Time,time,43,train,signer_55,REGISTERED
train_MVI_9440,Adjectives/97. dry/MVI_9440.MOV,Adjectives,dry,12,train,signer_94,REGISTERED
train_MVI_9342,Adjectives/91. new/MVI_9342.MOV,Adjectives,new,30,train,signer_93,REGISTERED
train_MVI_9422,Adjectives/91. new/MVI_9422.MOV,Adjectives,new,30,train,signer_94,REGISTERED
train_MVI_9477,Adjectives/83. big large/MVI_9477.MOV,Adjectives,biglarge,1,train,signer_94,REGISTERED
train_MVI_5209,Adjectives/84. small little/extra/MVI_5209.MOV,Adjectives,smalllittle,38,train,signer_52,REGISTERED
train_MVI_4060,People/61. Father/MVI_4060.MOV,People,father,16,train,signer_40,REGISTERED
train_MVI_9144,Days_and_Time/67. Monday/MVI_9144.MOV,Days_and_Time,monday,29,train,signer_91,REGISTERED
train_MVI_9975,Pronouns/46. you (plural)/MVI_9975.MOV,Pronouns,unknown,-1,train,signer_99,REGISTERED
train_MVI_8711,Society/14. Election/MVI_8711.MOV,Society,election,13,train,signer_87,REGISTERED
train_MVI_9538,Adjectives/2. quiet/MVI_9538.MOV,Adjectives,quiet,34,train,signer_95,REGISTERED
train_MVI_4412,Home/40. Paint/MVI_4412.MOV,Home,paint,31,train,signer_44,REGISTERED
train_MVI_4668,Days_and_Time/86. Time/MVI_4668.MOV,Days_and_Time,time,43,train,signer_46,REGISTERED
train_MVI_3887,Colours/54. Black/MVI_3887.MOV,Colours,black,3,train,signer_38,REGISTERED
train_MVI_9217,Adjectives/78. long/MVI_9217.MOV,Adjectives,long,27,train,signer_92,REGISTERED
train_MVI_4204,Clothes/44. Shoes/MVI_4204.MOV,Clothes,shoes,36,train,signer_42,REGISTERED
train_MVI_9400,Adjectives/84. small little/MVI_9400.MOV,Adjectives,smalllittle,38,train,signer_94,REGISTERED
train_MVI_3710,Clothes/44. Shoes/MVI_3710.MOV,Clothes,shoes,36,train,signer_37,REGISTERED
train_MVI_0030,Pronouns/46. you (plural)/MVI_0030.MOV,Pronouns,unknown,-1,train,signer_00,REGISTERED
train_MVI_9950,Greetings/55. Thank you/MVI_9950.MOV,Greetings,thankyou,42,train,signer_99,REGISTERED
train_MVI_0014,Pronouns/44. it/MVI_0014.MOV,Pronouns,it,26,train,signer_00,REGISTERED
train_MVI_5249,Adjectives/97. dry/MVI_5249.MOV,Adjectives,dry,12,train,signer_52,REGISTERED
train_MVI_3720,Colours/47. Red/MVI_3720.MOV,Colours,red,35,train,signer_37,REGISTERED
train_MVI_5390,Electronics/53. Fan/MVI_5390.MOV,Electronics,fan,15,train,signer_53,REGISTERED
train_MVI_9340,Adjectives/91. new/MVI_9340.MOV,Adjectives,new,30,train,signer_93,REGISTERED
train_MVI_4981,People/77. Boy/MVI_4981.MOV,People,boy,4,train,signer_49,REGISTERED
train_MVI_5006,Clothes/37. Hat/MVI_5006.MOV,Clothes,hat,21,train,signer_50,REGISTERED
train_MVI_9480,Adjectives/84. small little/MVI_9480.MOV,Adjectives,smalllittle,38,train,signer_94,REGISTERED
train_MVI_4921,Colours/55. White/MVI_4921.MOV,Colours,white,46,train,signer_49,REGISTERED
train_MVI_3515,Places/19. House/MVI_3515.MOV,Places,house,24,train,signer_35,REGISTERED
train_MVI_9236,Adjectives/84. small little/MVI_9236.MOV,Adjectives,smalllittle,38,train,signer_92,REGISTERED
train_MVI_3028,Animals/1. Dog/MVI_3028.MOV,Animals,dog,11,train,signer_30,REGISTERED
train_MVI_4908,Home/34. Pen/MVI_4908.MOV,Home,pen,32,train,signer_49,REGISTERED
train_MVI_3719,Colours/47. Red/MVI_3719.MOV,Colours,red,35,train,signer_37,REGISTERED
train_MVI_4539,Electronics/54. Cell phone/MVI_4539.MOV,Electronics,cellphone,7,train,signer_45,REGISTERED
train_MVI_9914,Greetings/48. Hello/MVI_9914.MOV,Greetings,hello,22,train,signer_99,REGISTERED
train_MVI_5270,Adjectives/79. short/MVI_5270.MOV,Adjectives,short,37,train,signer_52,REGISTERED
train_MVI_0078,Pronouns/44. it/MVI_0078.MOV,Pronouns,it,26,train,signer_00,REGISTERED
train_MVI_9958,Pronouns/40. I/MVI_9958.MOV,Pronouns,i,25,train,signer_99,REGISTERED
train_MVI_3595,Places/19. House/MVI_3595.MOV,Places,house,24,train,signer_35,REGISTERED
train_MVI_5311,Jobs/84. Teacher/MVI_5311.MOV,Jobs,teacher,41,train,signer_53,REGISTERED
train_MVI_9421,Adjectives/91. new/MVI_9421.MOV,Adjectives,new,30,train,signer_94,REGISTERED
train_MVI_9394,Adjectives/83. big large/MVI_9394.MOV,Adjectives,biglarge,1,train,signer_93,REGISTERED
train_MVI_4942,People/61. Father/MVI_4942.MOV,People,father,16,train,signer_49,REGISTERED
train_MVI_4919,Colours/54. Black/MVI_4919.MOV,Colours,black,3,train,signer_49,REGISTERED
train_MVI_5289,People/78. Girl/MVI_5289.MOV,People,girl,17,train,signer_52,REGISTERED
train_MVI_9260,Adjectives/91. new/MVI_9260.MOV,Adjectives,new,30,train,signer_92,REGISTERED
train_MVI_9328,Adjectives/87. hot/MVI_9328.MOV,Adjectives,hot,23,train,signer_93,REGISTERED
train_MVI_3211,Means_of_Transportation/11. Car/MVI_3211.MOV,Means_of_Transportation,car,6,train,signer_32,REGISTERED
train_MVI_9102,Electronics/54. Cell phone/MVI_9102.MOV,Electronics,cellphone,7,train,signer_91,REGISTERED
train_MVI_3706,Clothes/42. T-Shirt/MVI_3706.MOV,Clothes,i,25,train,signer_37,REGISTERED
train_MVI_9234,Adjectives/83. big large/MVI_9234.MOV,Adjectives,biglarge,1,train,signer_92,REGISTERED
train_MVI_9918,Pronouns/40. I/MVI_9918.MOV,Pronouns,i,25,train,signer_99,REGISTERED
train_MVI_4999,Seasons/64. Fall/MVI_4999.MOV,Seasons,fall,14,train,signer_49,REGISTERED
train_MVI_9898,Pronouns/44. it/MVI_9898.MOV,Pronouns,it,26,train,signer_98,REGISTERED
train_MVI_9968,Greetings/51. Good Morning/MVI_9968.MOV,Greetings,goodmorning,19,train,signer_99,REGISTERED
train_MVI_9202,Days_and_Time/86. Time/MVI_9202.MOV,Days_and_Time,time,43,train,signer_92,REGISTERED
train_MVI_5326,Adjectives/97. dry/MVI_5326.MOV,Adjectives,dry,12,train,signer_53,REGISTERED
train_MVI_0046,Greetings/51. Good Morning/MVI_0046.MOV,Greetings,goodmorning,19,train,signer_00,REGISTERED
train_MVI_3964,People/77. Boy/MVI_3964.MOV,People,boy,4,train,signer_39,REGISTERED
train_MVI_4019,Colours/47. Red/MVI_4019.MOV,Colours,red,35,train,signer_40,REGISTERED
train_MVI_9934,Greetings/51. Good Morning/MVI_9934.MOV,Greetings,goodmorning,19,train,signer_99,REGISTERED
train_MVI_9279,Adjectives/97. dry/MVI_9279.MOV,Adjectives,dry,12,train,signer_92,REGISTERED
train_MVI_3367,Places/23. Court/MVI_3367.MOV,Places,court,8,train,signer_33,REGISTERED
train_MVI_3387,Places/28. Store or Shop/MVI_3387.MOV,Places,storeorshop,39,train,signer_33,REGISTERED
train_MVI_9291,Adjectives/1. loud/MVI_9291.MOV,Adjectives,loud,28,train,signer_92,REGISTERED
train_MVI_3046,Animals/5. Cow/MVI_3046.MOV,Animals,cow,9,train,signer_30,REGISTERED
train_MVI_3349,Places/19. House/MVI_3349.MOV,Places,house,24,train,signer_33,REGISTERED
train_MVI_9463,Adjectives/79. short/MVI_9463.MOV,Adjectives,short,37,train,signer_94,REGISTERED
train_MVI_5238,Adjectives/94. good/MVI_5238.MOV,Adjectives,good,18,train,signer_52,REGISTERED
train_MVI_5307,Adjectives/91. new/MVI_5307.MOV,Adjectives,new,30,train,signer_53,REGISTERED
train_MVI_5526,Days_and_Time/86. Time/MVI_5526.MOV,Days_and_Time,time,43,train,signer_55,REGISTERED
train_MVI_3309,Places/28. Store or Shop/MVI_3309.MOV,Places,storeorshop,39,train,signer_33,REGISTERED
train_MVI_3337,Places/35. Bank/MVI_3337.MOV,Places,bank,0,train,signer_33,REGISTERED
train_MVI_3986,Clothes/37. Hat/MVI_3986.MOV,Clothes,hat,21,train,signer_39,REGISTERED
train_MVI_5260,Adjectives/2. quiet/MVI_5260.MOV,Adjectives,quiet,34,train,signer_52,REGISTERED
train_MVI_5047,Days_and_Time/78. Year/MVI_5047.MOV,Days_and_Time,year,48,train,signer_50,REGISTERED
train_MVI_4191,Means_of_Transportation/16. train ticket/MVI_4191.MOV,Means_of_Transportation,trainticket,44,train,signer_41,REGISTERED
train_MVI_4243,People/78. Girl/MVI_4243.MOV,People,girl,17,train,signer_42,REGISTERED
train_MVI_5151,Adjectives/91. new/MVI_5151.MOV,Adjectives,new,30,train,signer_51,REGISTERED
train_MVI_4044,Colours/55. White/MVI_4044.MOV,Colours,white,46,train,signer_40,REGISTERED
train_MVI_3438,Places/19. House/MVI_3438.MOV,Places,house,24,train,signer_34,REGISTERED
train_MVI_9277,Adjectives/97. dry/MVI_9277.MOV,Adjectives,dry,12,train,signer_92,REGISTERED
train_MVI_5290,People/78. Girl/MVI_5290.MOV,People,girl,17,train,signer_52,REGISTERED
train_MVI_3061,Animals/1. Dog/MVI_3061.MOV,Animals,dog,11,train,signer_30,REGISTERED
train_MVI_9479,Adjectives/84. small little/MVI_9479.MOV,Adjectives,smalllittle,38,train,signer_94,REGISTERED
train_MVI_4802,Society/2. Death/MVI_4802.MOV,Society,death,10,train,signer_48,REGISTERED
train_MVI_5112,Adjectives/79. short/MVI_5112.MOV,Adjectives,short,37,train,signer_51,REGISTERED
train_MVI_9293,Adjectives/2. quiet/MVI_9293.MOV,Adjectives,quiet,34,train,signer_92,REGISTERED
train_MVI_3097,Animals/5. Cow/MVI_3097.MOV,Animals,cow,9,train,signer_30,REGISTERED
train_MVI_3336,Places/35. Bank/MVI_3336.MOV,Places,bank,0,train,signer_33,REGISTERED
train_MVI_9099,Electronics/53. Fan/MVI_9099.MOV,Electronics,fan,15,train,signer_90,REGISTERED
train_MVI_4565,Seasons/61. Summer/MVI_4565.MOV,Seasons,summer,40,train,signer_45,REGISTERED
train_MVI_0038,Greetings/48. Hello/MVI_0038.MOV,Greetings,hello,22,train,signer_00,REGISTERED
train_MVI_3705,Clothes/42. T-Shirt/MVI_3705.MOV,Clothes,i,25,train,signer_37,REGISTERED
train_MVI_4982,People/77. Boy/MVI_4982.MOV,People,boy,4,train,signer_49,REGISTERED
train_MVI_5184,Colours/47. Red/MVI_5184.MOV,Colours,red,35,train,signer_51,REGISTERED
train_MVI_5209,Colours/55. White/MVI_5209.MOV,Colours,white,46,train,signer_52,REGISTERED
train_MVI_4157,Animals/4. Bird/MVI_4157.MOV,Animals,bird,2,train,signer_41,REGISTERED
train_MVI_3285,Places/23. Court/MVI_3285.MOV,Places,court,8,train,signer_32,REGISTERED
train_MVI_8620,Colours/55. White/MVI_8620.MOV,Colours,white,46,train,signer_86,REGISTERED
train_MVI_9051,Home/40. Paint/MVI_9051.MOV,Home,paint,31,train,signer_90,REGISTERED
train_MVI_0048,Greetings/51. Good Morning/MVI_0048.MOV,Greetings,goodmorning,19,train,signer_00,REGISTERED
train_MVI_5327,Adjectives/97. dry/MVI_5327.MOV,Adjectives,dry,12,train,signer_53,REGISTERED
train_MVI_5022,Clothes/42. T-Shirt/MVI_5022.MOV,Clothes,i,25,train,signer_50,REGISTERED
train_MVI_4591,Days_and_Time/67. Monday/MVI_4591.MOV,Days_and_Time,monday,29,train,signer_45,REGISTERED
train_MVI_9935,Greetings/51. Good Morning/MVI_9935.MOV,Greetings,goodmorning,19,train,signer_99,REGISTERED
train_MVI_5205,Adjectives/83. big large/MVI_5205.MOV,Adjectives,biglarge,1,train,signer_52,REGISTERED
train_MVI_9917,Greetings/48. Hello/MVI_9917.MOV,Greetings,hello,22,train,signer_99,REGISTERED
train_MVI_8608,Clothes/44. Shoes/MVI_8608.MOV,Clothes,shoes,36,train,signer_86,REGISTERED
train_MVI_4532,Electronics/53. Fan/MVI_4532.MOV,Electronics,fan,15,train,signer_45,REGISTERED
train_MVI_3385,Places/28. Store or Shop/MVI_3385.MOV,Places,storeorshop,39,train,signer_33,REGISTERED
train_MVI_5136,Adjectives/87. hot/MVI_5136.MOV,Adjectives,hot,23,train,signer_51,REGISTERED
train_MVI_3555,Places/28. Store or Shop/MVI_3555.MOV,Places,storeorshop,39,train,signer_35,REGISTERED
train_MVI_5312,Jobs/84. Teacher/MVI_5312.MOV,Jobs,teacher,41,train,signer_53,REGISTERED
train_MVI_3851,Clothes/42. T-Shirt/MVI_3851.MOV,Clothes,i,25,train,signer_38,REGISTERED
train_MVI_3096,Animals/4. Bird/MVI_3096.MOV,Animals,bird,2,train,signer_30,REGISTERED
train_MVI_9535,Adjectives/1. loud/MVI_9535.MOV,Adjectives,loud,28,train,signer_95,REGISTERED
train_MVI_3133,Means_of_Transportation/16. train ticket/MVI_3133.MOV,Means_of_Transportation,trainticket,44,train,signer_31,REGISTERED
train_MVI_9124,Seasons/61. Summer/MVI_9124.MOV,Seasons,summer,40,train,signer_91,REGISTERED
train_MVI_9502,Adjectives/91. new/MVI_9502.MOV,Adjectives,new,30,train,signer_95,REGISTERED
train_MVI_9294,Adjectives/2. quiet/MVI_9294.MOV,Adjectives,quiet,34,train,signer_92,REGISTERED
train_MVI_9488,Adjectives/87. hot/MVI_9488.MOV,Adjectives,hot,23,train,signer_94,REGISTERED
train_MVI_9259,Adjectives/91. new/MVI_9259.MOV,Adjectives,new,30,train,signer_92,REGISTERED
train_MVI_3098,Animals/5. Cow/MVI_3098.MOV,Animals,cow,9,train,signer_30,REGISTERED
train_MVI_3890,Colours/55. White/MVI_3890.MOV,Colours,white,46,train,signer_38,REGISTERED
train_MVI_8584,Means_of_Transportation/11. Car/MVI_8584.MOV,Means_of_Transportation,car,6,train,signer_85,REGISTERED
train_MVI_5243,People/66. Brother/MVI_5243.MOV,People,brother,5,train,signer_52,REGISTERED
train_MVI_5449,Days_and_Time/67. Monday/MVI_5449.MOV,Days_and_Time,monday,29,train,signer_54,REGISTERED
train_MVI_4955,People/66. Brother/MVI_4955.MOV,People,brother,5,train,signer_49,REGISTERED
train_MVI_3965,People/78. Girl/MVI_3965.MOV,People,girl,17,train,signer_39,REGISTERED
train_MVI_5339,Adjectives/2. quiet/MVI_5339.MOV,Adjectives,quiet,34,train,signer_53,REGISTERED
train_MVI_4940,People/61. Father/MVI_4940.MOV,People,father,16,train,signer_49,REGISTERED
train_MVI_0012,Pronouns/40. I/MVI_0012.MOV,Pronouns,i,25,train,signer_00,REGISTERED
train_MVI_3368,Places/23. Court/Extra/MVI_3368.MOV,Places,court,8,train,signer_33,REGISTERED
train_MVI_3835,Clothes/37. Hat/MVI_3835.MOV,Clothes,hat,21,train,signer_38,REGISTERED
train_MVI_9123,Seasons/61. Summer/MVI_9123.MOV,Seasons,summer,40,train,signer_91,REGISTERED
train_MVI_3583,Places/35. Bank/MVI_3583.MOV,Places,bank,0,train,signer_35,REGISTERED
train_MVI_4927,Home/40. Paint/MVI_4927.MOV,Home,paint,31,train,signer_49,REGISTERED
train_MVI_9278,Adjectives/97. dry/MVI_9278.MOV,Adjectives,dry,12,train,signer_92,REGISTERED
train_MVI_5192,Adjectives/79. short/extra/MVI_5192.MOV,Adjectives,short,37,train,signer_51,REGISTERED
train_MVI_9349,Adjectives/94. good/MVI_9349.MOV,Adjectives,good,18,train,signer_93,REGISTERED
train_MVI_4390,Home/34. Pen/MVI_4390.MOV,Home,pen,32,train,signer_43,REGISTERED
train_MVI_0059,Greetings/55. Thank you/MVI_0059.MOV,Greetings,thankyou,42,train,signer_00,REGISTERED
train_MVI_9448,Adjectives/1. loud/MVI_9448.MOV,Adjectives,loud,28,train,signer_94,REGISTERED
train_MVI_9292,Adjectives/2. quiet/MVI_9292.MOV,Adjectives,quiet,34,train,signer_92,REGISTERED
train_MVI_3422,Places/35. Bank/MVI_3422.MOV,Places,bank,0,train,signer_34,REGISTERED
train_MVI_5124,Adjectives/83. big large/MVI_5124.MOV,Adjectives,biglarge,1,train,signer_51,REGISTERED
train_MVI_8664,Society/2. Death/MVI_8664.MOV,Society,death,10,train,signer_86,REGISTERED
train_MVI_4540,Electronics/54. Cell phone/MVI_4540.MOV,Electronics,cellphone,7,train,signer_45,REGISTERED
train_MVI_5176,Clothes/44. Shoes/MVI_5176.MOV,Clothes,shoes,36,train,signer_51,REGISTERED
train_MVI_3435,Places/19. House/MVI_3435.MOV,Places,house,24,train,signer_34,REGISTERED
train_MVI_4040,Colours/54. Black/MVI_4040.MOV,Colours,black,3,train,signer_40,REGISTERED
train_MVI_8569,Animals/5. Cow/MVI_8569.MOV,Animals,cow,9,train,signer_85,REGISTERED
train_MVI_4918,Colours/54. Black/MVI_4918.MOV,Colours,black,3,train,signer_49,REGISTERED
train_MVI_9371,Adjectives/2. quiet/MVI_9371.MOV,Adjectives,quiet,34,train,signer_93,REGISTERED
train_MVI_9290,Adjectives/1. loud/MVI_9290.MOV,Adjectives,loud,28,train,signer_92,REGISTERED
train_MVI_5228,People/61. Father/MVI_5228.MOV,People,father,16,train,signer_52,REGISTERED
train_MVI_3632,Places/28. Store or Shop/MVI_3632.MOV,Places,storeorshop,39,train,signer_36,REGISTERED
train_MVI_4883,Clothes/42. T-Shirt/MVI_4883.MOV,Clothes,i,25,train,signer_48,REGISTERED
train_MVI_9249,Adjectives/87. hot/MVI_9249.MOV,Adjectives,hot,23,train,signer_92,REGISTERED
train_MVI_8570,Animals/5. Cow/MVI_8570.MOV,Animals,cow,9,train,signer_85,REGISTERED
train_MVI_3042,Animals/4. Bird/Extra/MVI_3042.MOV,Animals,bird,2,train,signer_30,REGISTERED
train_MVI_5169,Adjectives/97. dry/MVI_5169.MOV,Adjectives,dry,12,train,signer_51,REGISTERED
train_MVI_5338,Adjectives/2. quiet/MVI_5338.MOV,Adjectives,quiet,34,train,signer_53,REGISTERED
train_MVI_5185,Adjectives/3. happy/MVI_5185.MOV,Adjectives,happy,20,train,signer_51,REGISTERED
train_MVI_9247,Adjectives/87. hot/MVI_9247.MOV,Adjectives,hot,23,train,signer_92,REGISTERED
train_MVI_5434,Seasons/64. Fall/MVI_5434.MOV,Seasons,fall,14,train,signer_54,REGISTERED
train_MVI_8865,Jobs/84. Teacher/MVI_8865.MOV,Jobs,teacher,41,train,signer_88,REGISTERED
train_MVI_9032,Home/34. Pen/MVI_9032.MOV,Home,pen,32,train,signer_90,REGISTERED
train_MVI_8645,People/78. Girl/MVI_8645.MOV,People,girl,17,train,signer_86,REGISTERED
train_MVI_3613,Places/23. Court/Extra/MVI_3613.MOV,Places,court,8,train,signer_36,REGISTERED
train_MVI_4992,Seasons/61. Summer/MVI_4992.MOV,Seasons,summer,40,train,signer_49,REGISTERED
train_MVI_5186,Adjectives/78. long/MVI_5186.MOV,Adjectives,long,27,train,signer_51,REGISTERED
train_MVI_4216,Colours/55. White/MVI_4216.MOV,Colours,white,46,train,signer_42,REGISTERED
train_MVI_9909,Pronouns/46. you (plural)/MVI_9909.MOV,Pronouns,unknown,-1,train,signer_99,REGISTERED
train_MVI_4881,Clothes/42. T-Shirt/MVI_4881.MOV,Clothes,i,25,train,signer_48,REGISTERED
train_MVI_5138,Adjectives/87. hot/MVI_5138.MOV,Adjectives,hot,23,train,signer_51,REGISTERED
train_MVI_9459,Adjectives/78. long/MVI_9459.MOV,Adjectives,long,27,train,signer_94,REGISTERED
train_MVI_4148,Animals/1. Dog/MVI_4148.MOV,Animals,dog,11,train,signer_41,REGISTERED
train_MVI_0058,Greetings/55. Thank you/MVI_0058.MOV,Greetings,thankyou,42,train,signer_00,REGISTERED
train_MVI_5133,People/77. Boy/MVI_5133.MOV,People,boy,4,train,signer_51,REGISTERED
train_MVI_3017,Animals/5. Cow/MVI_3017.MOV,Animals,cow,9,train,signer_30,REGISTERED
train_MVI_9970,Greetings/51. Good Morning/MVI_9970.MOV,Greetings,goodmorning,19,train,signer_99,REGISTERED
train_MVI_5262,Adjectives/2. quiet/MVI_5262.MOV,Adjectives,quiet,34,train,signer_52,REGISTERED
train_MVI_3664,Places/35. Bank/MVI_3664.MOV,Places,bank,0,train,signer_36,REGISTERED
train_MVI_3780,People/66. Brother/MVI_3780.MOV,People,brother,5,train,signer_37,REGISTERED
train_MVI_4866,Clothes/37. Hat/MVI_4866.MOV,Clothes,hat,21,train,signer_48,REGISTERED
train_MVI_8968,Society/14. Election/MVI_8968.MOV,Society,election,13,train,signer_89,REGISTERED
train_MVI_9897,Pronouns/44. it/MVI_9897.MOV,Pronouns,it,26,train,signer_98,REGISTERED
train_MVI_3288,Places/23. Court/Extra/MVI_3288.MOV,Places,court,8,train,signer_32,REGISTERED
train_MVI_5059,Colours/54. Black/MVI_5059.MOV,Colours,black,3,train,signer_50,REGISTERED
train_MVI_5207,Adjectives/84. small little/MVI_5207.MOV,Adjectives,smalllittle,38,train,signer_52,REGISTERED
train_MVI_3004,Animals/1. Dog/MVI_3004.MOV,Animals,dog,11,train,signer_30,REGISTERED
train_MVI_5392,Electronics/54. Cell phone/MVI_5392.MOV,Electronics,cellphone,7,train,signer_53,REGISTERED
train_MVI_4770,Jobs/91. Priest/MVI_4770.MOV,Jobs,priest,33,train,signer_47,REGISTERED
train_MVI_3711,Clothes/44. Shoes/MVI_3711.MOV,Clothes,shoes,36,train,signer_37,REGISTERED
train_MVI_9995,Pronouns/40. I/MVI_9995.MOV,Pronouns,i,25,train,signer_99,REGISTERED
train_MVI_4458,Jobs/84. Teacher/MVI_4458.MOV,Jobs,teacher,41,train,signer_44,REGISTERED
train_MVI_9098,Electronics/53. Fan/MVI_9098.MOV,Electronics,fan,15,train,signer_90,REGISTERED
train_MVI_5420,Seasons/61. Summer/MVI_5420.MOV,Seasons,summer,40,train,signer_54,REGISTERED
train_MVI_3533,Places/23. Court/MVI_3533.MOV,Places,court,8,train,signer_35,REGISTERED
train_MVI_8710,Society/14. Election/MVI_8710.MOV,Society,election,13,train,signer_87,REGISTERED
train_MVI_4966,Electronics/53. Fan/MVI_4966.MOV,Electronics,fan,15,train,signer_49,REGISTERED
train_MVI_9135,Seasons/64. Fall/MVI_9135.MOV,Seasons,fall,14,train,signer_91,REGISTERED
train_MVI_0008,Greetings/55. Thank you/MVI_0008.MOV,Greetings,thankyou,42,train,signer_00,REGISTERED
train_MVI_0021,Pronouns/46. you (plural)/MVI_0021.MOV,Pronouns,unknown,-1,train,signer_00,REGISTERED
train_MVI_5107,Adjectives/78. long/MVI_5107.MOV,Adjectives,long,27,train,signer_51,REGISTERED
train_MVI_9133,Seasons/64. Fall/MVI_9133.MOV,Seasons,fall,14,train,signer_91,REGISTERED
train_MVI_9301,Adjectives/79. short/MVI_9301.MOV,Adjectives,short,37,train,signer_93,REGISTERED
train_MVI_3475,Places/28. Store or Shop/MVI_3475.MOV,Places,storeorshop,39,train,signer_34,REGISTERED
train_MVI_5078,Days_and_Time/86. Time/MVI_5078.MOV,Days_and_Time,time,43,train,signer_50,REGISTERED
train_MVI_5231,Adjectives/91. new/MVI_5231.MOV,Adjectives,new,30,train,signer_52,REGISTERED
train_MVI_5168,Adjectives/97. dry/MVI_5168.MOV,Adjectives,dry,12,train,signer_51,REGISTERED
train_MVI_4566,Seasons/61. Summer/MVI_4566.MOV,Seasons,summer,40,train,signer_45,REGISTERED
train_MVI_4533,Electronics/53. Fan/MVI_4533.MOV,Electronics,fan,15,train,signer_45,REGISTERED
train_MVI_0084,Pronouns/46. you (plural)/MVI_0084.MOV,Pronouns,unknown,-1,train,signer_00,REGISTERED
train_MVI_8662,Society/2. Death/MVI_8662.MOV,Society,death,10,train,signer_86,REGISTERED
train_MVI_3888,Colours/54. Black/MVI_3888.MOV,Colours,black,3,train,signer_38,REGISTERED
train_MVI_4867,Clothes/37. Hat/MVI_4867.MOV,Clothes,hat,21,train,signer_48,REGISTERED
train_MVI_5177,Clothes/44. Shoes/MVI_5177.MOV,Clothes,shoes,36,train,signer_51,REGISTERED
train_MVI_3513,Places/19. House/MVI_3513.MOV,Places,house,24,train,signer_35,REGISTERED
train_MVI_9178,Days_and_Time/78. Year/MVI_9178.MOV,Days_and_Time,year,48,train,signer_91,REGISTERED
train_MVI_9431,Adjectives/94. good/MVI_9431.MOV,Adjectives,good,18,train,signer_94,REGISTERED
train_MVI_9991,Greetings/51. Good Morning/MVI_9991.MOV,Greetings,goodmorning,19,train,signer_99,REGISTERED
train_MVI_3857,Clothes/44. Shoes/MVI_3857.MOV,Clothes,shoes,36,train,signer_38,REGISTERED
train_MVI_3044,Animals/4. Bird/Extra/MVI_3044.MOV,Animals,bird,2,train,signer_30,REGISTERED
train_MVI_5316,Adjectives/94. good/MVI_5316.MOV,Adjectives,good,18,train,signer_53,REGISTERED
train_MVI_4388,Home/34. Pen/MVI_4388.MOV,Home,pen,32,train,signer_43,REGISTERED
train_MVI_0065,Pronouns/40. I/MVI_0065.MOV,Pronouns,i,25,train,signer_00,REGISTERED
train_MVI_4487,Jobs/91. Priest/MVI_4487.MOV,Jobs,priest,33,train,signer_44,REGISTERED
train_MVI_4075,People/66. Brother/MVI_4075.MOV,People,brother,5,train,signer_40,REGISTERED
train_MVI_5250,Adjectives/97. dry/MVI_5250.MOV,Adjectives,dry,12,train,signer_52,REGISTERED
train_MVI_3255,Means_of_Transportation/16. train ticket/MVI_3255.MOV,Means_of_Transportation,trainticket,44,train,signer_32,REGISTERED
train_MVI_0031,Pronouns/46. you (plural)/MVI_0031.MOV,Pronouns,unknown,-1,train,signer_00,REGISTERED
train_MVI_3070,Animals/4. Bird/MVI_3070.MOV,Animals,bird,2,train,signer_30,REGISTERED
train_MVI_3423,Places/35. Bank/MVI_3423.MOV,Places,bank,0,train,signer_34,REGISTERED
train_MVI_9052,Home/40. Paint/MVI_9052.MOV,Home,paint,31,train,signer_90,REGISTERED
train_MVI_3868,Colours/47. Red/MVI_3868.MOV,Colours,red,35,train,signer_38,REGISTERED
train_MVI_3041,Animals/4. Bird/Extra/MVI_3041.MOV,Animals,bird,2,train,signer_30,REGISTERED
train_MVI_5421,Seasons/61. Summer/MVI_5421.MOV,Seasons,summer,40,train,signer_54,REGISTERED
train_MVI_3473,Places/28. Store or Shop/MVI_3473.MOV,Places,storeorshop,39,train,signer_34,REGISTERED
train_MVI_4882,Clothes/42. T-Shirt/MVI_4882.MOV,Clothes,i,25,train,signer_48,REGISTERED
train_MVI_3239,Means_of_Transportation/11. Car/MVI_3239.MOV,Means_of_Transportation,car,6,train,signer_32,REGISTERED
train_MVI_5286,People/77. Boy/MVI_5286.MOV,People,boy,4,train,signer_52,REGISTERED
train_MVI_9879,Pronouns/40. I/MVI_9879.MOV,Pronouns,i,25,train,signer_98,REGISTERED
train_MVI_9375,Adjectives/3. happy/MVI_9375.MOV,Adjectives,happy,20,train,signer_93,REGISTERED
train_MVI_4215,Colours/54. Black/MVI_4215.MOV,Colours,black,3,train,signer_42,REGISTERED
train_MVI_5181,Adjectives/2. quiet/MVI_5181.MOV,Adjectives,quiet,34,train,signer_51,REGISTERED
train_MVI_9268,Adjectives/94. good/MVI_9268.MOV,Adjectives,good,18,train,signer_92,REGISTERED
train_MVI_3690,Clothes/37. Hat/MVI_3690.MOV,Clothes,hat,21,train,signer_36,REGISTERED
train_MVI_5170,Clothes/42. T-Shirt/MVI_5170.MOV,Clothes,i,25,train,signer_51,REGISTERED
train_MVI_9373,Adjectives/2. quiet/MVI_9373.MOV,Adjectives,quiet,34,train,signer_93,REGISTERED
train_MVI_5337,Adjectives/1. loud/MVI_5337.MOV,Adjectives,loud,28,train,signer_53,REGISTERED
train_MVI_5229,People/61. Father/MVI_5229.MOV,People,father,16,train,signer_52,REGISTERED
train_MVI_5318,Adjectives/94. good/MVI_5318.MOV,Adjectives,good,18,train,signer_53,REGISTERED
train_MVI_9432,Adjectives/94. good/MVI_9432.MOV,Adjectives,good,18,train,signer_94,REGISTERED
train_MVI_9439,Adjectives/97. dry/MVI_9439.MOV,Adjectives,dry,12,train,signer_94,REGISTERED
train_MVI_0025,Pronouns/44. it/MVI_0025.MOV,Pronouns,it,26,train,signer_00,REGISTERED
train_MVI_9351,Adjectives/94. good/MVI_9351.MOV,Adjectives,good,18,train,signer_93,REGISTERED
train_MVI_3819,People/78. Girl/MVI_3819.MOV,People,girl,17,train,signer_38,REGISTERED
train_MVI_5132,People/77. Boy/MVI_5132.MOV,People,boy,4,train,signer_51,REGISTERED
train_MVI_5264,Adjectives/3. happy/MVI_5264.MOV,Adjectives,happy,20,train,signer_52,REGISTERED
train_MVI_5287,Adjectives/84. small little/MVI_5287.MOV,Adjectives,smalllittle,38,train,signer_52,REGISTERED
train_MVI_4984,People/78. Girl/MVI_4984.MOV,People,girl,17,train,signer_49,REGISTERED
train_MVI_3060,Animals/1. Dog/MVI_3060.MOV,Animals,dog,11,train,signer_30,REGISTERED
train_MVI_0100,Greetings/51. Good Morning/MVI_0100.MOV,Greetings,goodmorning,19,train,signer_01,REGISTERED
train_MVI_5079,Days_and_Time/86. Time/MVI_5079.MOV,Days_and_Time,time,43,train,signer_50,REGISTERED
train_MVI_0066,Pronouns/40. I/MVI_0066.MOV,Pronouns,i,25,train,signer_00,REGISTERED
train_MVI_4042,Colours/55. White/MVI_4042.MOV,Colours,white,46,train,signer_40,REGISTERED
train_MVI_3095,Animals/4. Bird/MVI_3095.MOV,Animals,bird,2,train,signer_30,REGISTERED
train_MVI_3436,Places/19. House/MVI_3436.MOV,Places,house,24,train,signer_34,REGISTERED
train_MVI_5154,Clothes/37. Hat/MVI_5154.MOV,Clothes,hat,21,train,signer_51,REGISTERED
train_MVI_9142,Days_and_Time/67. Monday/MVI_9142.MOV,Days_and_Time,monday,29,train,signer_91,REGISTERED
train_MVI_5317,Adjectives/94. good/MVI_5317.MOV,Adjectives,good,18,train,signer_53,REGISTERED
train_MVI_4365,Home/28. Window/MVI_4365.MOV,Home,window,47,train,signer_43,REGISTERED
train_MVI_5037,Colours/47. Red/MVI_5037.MOV,Colours,red,35,train,signer_50,REGISTERED
train_MVI_3454,Places/23. Court/MVI_3454.MOV,Places,court,8,train,signer_34,REGISTERED
train_MVI_4577,Seasons/64. Fall/MVI_4577.MOV,Seasons,fall,14,train,signer_45,REGISTERED
train_MVI_4883,Home/28. Window/MVI_4883.MOV,Home,window,47,train,signer_48,REGISTERED
train_MVI_0032,Greetings/48. Hello/MVI_0032.MOV,Greetings,hello,22,train,signer_00,REGISTERED
train_MVI_9341,Adjectives/91. new/MVI_9341.MOV,Adjectives,new,30,train,signer_93,REGISTERED
train_MVI_4746,Jobs/84. Teacher/MVI_4746.MOV,Jobs,teacher,41,train,signer_47,REGISTERED
train_MVI_9359,Adjectives/97. dry/MVI_9359.MOV,Adjectives,dry,12,train,signer_93,REGISTERED
train_MVI_3386,Places/28. Store or Shop/MVI_3386.MOV,Places,storeorshop,39,train,signer_33,REGISTERED
train_MVI_8932,Society/2. Death/MVI_8932.MOV,Society,death,10,train,signer_89,REGISTERED
train_MVI_9454,Adjectives/3. happy/MVI_9454.MOV,Adjectives,happy,20,train,signer_94,REGISTERED
train_MVI_5000,Seasons/64. Fall/MVI_5000.MOV,Seasons,fall,14,train,signer_50,REGISTERED
train_MVI_2992,Animals/5. Cow/MVI_2992.MOV,Animals,cow,9,train,signer_29,REGISTERED
train_MVI_8889,Jobs/91. Priest/MVI_8889.MOV,Jobs,priest,33,train,signer_88,REGISTERED
train_MVI_3637,Places/28. Store or Shop/Extra/MVI_3637.MOV,Places,storeorshop,39,train,signer_36,REGISTERED
train_MVI_4669,Days_and_Time/86. Time/MVI_4669.MOV,Days_and_Time,time,43,train,signer_46,REGISTERED
train_MVI_0063,Greetings/55. Thank you/MVI_0063.MOV,Greetings,thankyou,42,train,signer_00,REGISTERED
train_MVI_9296,Adjectives/3. happy/MVI_9296.MOV,Adjectives,happy,20,train,signer_92,REGISTERED
train_MVI_3099,Animals/5. Cow/MVI_3099.MOV,Animals,cow,9,train,signer_30,REGISTERED
train_MVI_0060,Greetings/55. Thank you/MVI_0060.MOV,Greetings,thankyou,42,train,signer_00,REGISTERED
train_MVI_4968,Electronics/54. Cell phone/MVI_4968.MOV,Electronics,cellphone,7,train,signer_49,REGISTERED
train_MVI_9101,Electronics/54. Cell phone/MVI_9101.MOV,Electronics,cellphone,7,train,signer_91,REGISTERED
train_MVI_9201,Days_and_Time/86. Time/MVI_9201.MOV,Days_and_Time,time,43,train,signer_92,REGISTERED
train_MVI_9937,Pronouns/44. it/MVI_9937.MOV,Pronouns,it,26,train,signer_99,REGISTERED
train_MVI_5328,Adjectives/97. dry/MVI_5328.MOV,Adjectives,dry,12,train,signer_53,REGISTERED
train_MVI_4983,People/77. Boy/MVI_4983.MOV,People,boy,4,train,signer_49,REGISTERED
train_MVI_9933,Greetings/51. Good Morning/MVI_9933.MOV,Greetings,goodmorning,19,train,signer_99,REGISTERED
train_MVI_5261,Adjectives/2. quiet/MVI_5261.MOV,Adjectives,quiet,34,train,signer_52,REGISTERED
train_MVI_9318,Adjectives/83. big large/MVI_9318.MOV,Adjectives,biglarge,1,train,signer_93,REGISTERED
train_MVI_8583,Means_of_Transportation/11. Car/MVI_8583.MOV,Means_of_Transportation,car,6,train,signer_85,REGISTERED
train_MVI_9143,Days_and_Time/67. Monday/MVI_9143.MOV,Days_and_Time,monday,29,train,signer_91,REGISTERED
train_MVI_4882,Home/28. Window/MVI_4882.MOV,Home,window,47,train,signer_48,REGISTERED
train_MVI_5217,Adjectives/87. hot/MVI_5217.MOV,Adjectives,hot,23,train,signer_52,REGISTERED
train_MVI_9542,Adjectives/3. happy/MVI_9542.MOV,Adjectives,happy,20,train,signer_95,REGISTERED
train_MVI_5269,Adjectives/79. short/MVI_5269.MOV,Adjectives,short,37,train,signer_52,REGISTERED
train_MVI_5285,Adjectives/83. big large/MVI_5285.MOV,Adjectives,biglarge,1,train,signer_52,REGISTERED
train_MVI_3966,People/78. Girl/MVI_3966.MOV,People,girl,17,train,signer_39,REGISTERED
train_MVI_3012,Animals/4. Bird/MVI_3012.MOV,Animals,bird,2,train,signer_30,REGISTERED
train_MVI_4489,Jobs/91. Priest/MVI_4489.MOV,Jobs,priest,33,train,signer_44,REGISTERED
train_MVI_9920,Pronouns/40. I/MVI_9920.MOV,Pronouns,i,25,train,signer_99,REGISTERED
train_MVI_3045,Animals/4. Bird/Extra/MVI_3045.MOV,Animals,bird,2,train,signer_30,REGISTERED
train_MVI_5493,Days_and_Time/78. Year/MVI_5493.MOV,Days_and_Time,year,48,train,signer_54,REGISTERED
train_MVI_3047,Animals/5. Cow/MVI_3047.MOV,Animals,cow,9,train,signer_30,REGISTERED
train_MVI_3609,Places/23. Court/MVI_3609.MOV,Places,court,8,train,signer_36,REGISTERED
train_MVI_9321,Adjectives/84. small little/MVI_9321.MOV,Adjectives,smalllittle,38,train,signer_93,REGISTERED
train_MVI_9235,Adjectives/83. big large/MVI_9235.MOV,Adjectives,biglarge,1,train,signer_92,REGISTERED
train_MVI_9330,Adjectives/87. hot/MVI_9330.MOV,Adjectives,hot,23,train,signer_93,REGISTERED
train_MVI_3594,Places/19. House/MVI_3594.MOV,Places,house,24,train,signer_35,REGISTERED
train_MVI_5286,Adjectives/84. small little/MVI_5286.MOV,Adjectives,smalllittle,38,train,signer_52,REGISTERED
train_MVI_3691,Clothes/37. Hat/MVI_3691.MOV,Clothes,hat,21,train,signer_36,REGISTERED
train_MVI_9919,Pronouns/40. I/MVI_9919.MOV,Pronouns,i,25,train,signer_99,REGISTERED
train_MVI_3420,Places/35. Bank/Extra/MVI_3420.MOV,Places,bank,0,train,signer_34,REGISTERED
train_MVI_8619,Colours/54. Black/MVI_8619.MOV,Colours,black,3,train,signer_86,REGISTERED
train_MVI_5135,People/78. Girl/MVI_5135.MOV,People,girl,17,train,signer_51,REGISTERED
train_MVI_9983,Greetings/48. Hello/MVI_9983.MOV,Greetings,hello,22,train,signer_99,REGISTERED
train_MVI_5160,Adjectives/94. good/MVI_5160.MOV,Adjectives,good,18,train,signer_51,REGISTERED
train_MVI_5297,Adjectives/87. hot/MVI_5297.MOV,Adjectives,hot,23,train,signer_52,REGISTERED
train_MVI_5208,Colours/54. Black/MVI_5208.MOV,Colours,black,3,train,signer_52,REGISTERED
train_MVI_2990,Animals/5. Cow/MVI_2990.MOV,Animals,cow,9,train,signer_29,REGISTERED
train_MVI_5389,Electronics/53. Fan/MVI_5389.MOV,Electronics,fan,15,train,signer_53,REGISTERED
train_MVI_0090,Greetings/48. Hello/MVI_0090.MOV,Greetings,hello,22,train,signer_00,REGISTERED
train_MVI_9360,Adjectives/97. dry/MVI_9360.MOV,Adjectives,dry,12,train,signer_93,REGISTERED
train_MVI_4202,Clothes/42. T-Shirt/MVI_4202.MOV,Clothes,i,25,train,signer_42,REGISTERED
train_MVI_4146,Animals/1. Dog/MVI_4146.MOV,Animals,dog,11,train,signer_41,REGISTERED
train_MVI_5030,Clothes/44. Shoes/MVI_5030.MOV,Clothes,shoes,36,train,signer_50,REGISTERED
train_MVI_3238,Means_of_Transportation/11. Car/MVI_3238.MOV,Means_of_Transportation,car,6,train,signer_32,REGISTERED
train_MVI_9295,Adjectives/3. happy/MVI_9295.MOV,Adjectives,happy,20,train,signer_92,REGISTERED
train_MVI_9381,Adjectives/79. short/MVI_9381.MOV,Adjectives,short,37,train,signer_93,REGISTERED
train_MVI_3453,Places/23. Court/MVI_3453.MOV,Places,court,8,train,signer_34,REGISTERED
train_MVI_9511,Adjectives/94. good/MVI_9511.MOV,Adjectives,good,18,train,signer_95,REGISTERED
train_MVI_3287,Places/23. Court/MVI_3287.MOV,Places,court,8,train,signer_32,REGISTERED
train_MVI_0042,Greetings/51. Good Morning/MVI_0042.MOV,Greetings,goodmorning,19,train,signer_00,REGISTERED
train_MVI_4592,Days_and_Time/67. Monday/MVI_4592.MOV,Days_and_Time,monday,29,train,signer_45,REGISTERED
train_MVI_3554,Places/28. Store or Shop/MVI_3554.MOV,Places,storeorshop,39,train,signer_35,REGISTERED
train_MVI_5344,Jobs/91. Priest/MVI_5344.MOV,Jobs,priest,33,train,signer_53,REGISTERED
train_MVI_5257,Adjectives/1. loud/MVI_5257.MOV,Adjectives,loud,28,train,signer_52,REGISTERED
train_MVI_9053,Home/40. Paint/MVI_9053.MOV,Home,paint,31,train,signer_90,REGISTERED
train_MVI_3226,Means_of_Transportation/16. train ticket/MVI_3226.MOV,Means_of_Transportation,trainticket,44,train,signer_32,REGISTERED
train_MVI_9374,Adjectives/3. happy/MVI_9374.MOV,Adjectives,happy,20,train,signer_93,REGISTERED
train_MVI_4061,People/61. Father/MVI_4061.MOV,People,father,16,train,signer_40,REGISTERED
train_MVI_8766,Home/28. Window/MVI_8766.MOV,Home,window,47,train,signer_87,REGISTERED
train_MVI_3085,Animals/1. Dog/MVI_3085.MOV,Animals,dog,11,train,signer_30,REGISTERED
train_MVI_9976,Pronouns/46. you (plural)/MVI_9976.MOV,Pronouns,unknown,-1,train,signer_99,REGISTERED
train_MVI_4907,Home/34. Pen/MVI_4907.MOV,Home,pen,32,train,signer_49,REGISTERED
train_MVI_9936,Pronouns/44. it/MVI_9936.MOV,Pronouns,it,26,train,signer_99,REGISTERED
train_MVI_8887,Jobs/91. Priest/MVI_8887.MOV,Jobs,priest,33,train,signer_88,REGISTERED
train_MVI_9957,Pronouns/40. I/MVI_9957.MOV,Pronouns,i,25,train,signer_99,REGISTERED
train_MVI_5111,Adjectives/79. short/MVI_5111.MOV,Adjectives,short,37,train,signer_51,REGISTERED
train_MVI_0111,Greetings/55. Thank you/MVI_0111.MOV,Greetings,thankyou,42,train,signer_01,REGISTERED
train_MVI_3712,Clothes/44. Shoes/MVI_3712.MOV,Clothes,shoes,36,train,signer_37,REGISTERED
train_MVI_9238,Adjectives/84. small little/MVI_9238.MOV,Adjectives,smalllittle,38,train,signer_92,REGISTERED
train_MVI_4155,Animals/4. Bird/MVI_4155.MOV,Animals,bird,2,train,signer_41,REGISTERED
train_MVI_3074,Animals/5. Cow/MVI_3074.MOV,Animals,cow,9,train,signer_30,REGISTERED
train_MVI_0024,Pronouns/46. you (plural)/MVI_0024.MOV,Pronouns,unknown,-1,train,signer_00,REGISTERED
train_MVI_3013,Animals/4. Bird/MVI_3013.MOV,Animals,bird,2,train,signer_30,REGISTERED
train_MVI_5182,Adjectives/2. quiet/MVI_5182.MOV,Adjectives,quiet,34,train,signer_51,REGISTERED
train_MVI_0016,Pronouns/44. it/MVI_0016.MOV,Pronouns,it,26,train,signer_00,REGISTERED
train_MVI_3741,Colours/54. Black/MVI_3741.MOV,Colours,black,3,train,signer_37,REGISTERED
train_MVI_9034,Home/34. Pen/MVI_9034.MOV,Home,pen,32,train,signer_90,REGISTERED
train_MVI_5210,Colours/55. White/MVI_5210.MOV,Colours,white,46,train,signer_52,REGISTERED
train_MVI_9878,Pronouns/40. I/MVI_9878.MOV,Pronouns,i,25,train,signer_98,REGISTERED
train_MVI_5218,Adjectives/87. hot/MVI_5218.MOV,Adjectives,hot,23,train,signer_52,REGISTERED
train_MVI_5335,Adjectives/1. loud/MVI_5335.MOV,Adjectives,loud,28,train,signer_53,REGISTERED
train_MVI_5137,People/78. Girl/MVI_5137.MOV,People,girl,17,train,signer_51,REGISTERED
train_MVI_9409,Adjectives/87. hot/MVI_9409.MOV,Adjectives,hot,23,train,signer_94,REGISTERED
train_MVI_3596,Places/19. House/MVI_3596.MOV,Places,house,24,train,signer_35,REGISTERED
train_MVI_9452,Adjectives/2. quiet/MVI_9452.MOV,Adjectives,quiet,34,train,signer_94,REGISTERED
train_MVI_5296,Adjectives/87. hot/MVI_5296.MOV,Adjectives,hot,23,train,signer_52,REGISTERED
train_MVI_5060,Colours/54. Black/MVI_5060.MOV,Colours,black,3,train,signer_50,REGISTERED
train_MVI_4534,Electronics/53. Fan/MVI_4534.MOV,Electronics,fan,15,train,signer_45,REGISTERED
train_MVI_5169,Clothes/42. T-Shirt/MVI_5169.MOV,Clothes,i,25,train,signer_51,REGISTERED
train_MVI_5295,Adjectives/87. hot/MVI_5295.MOV,Adjectives,hot,23,train,signer_52,REGISTERED
train_MVI_9977,Pronouns/46. you (plural)/MVI_9977.MOV,Pronouns,unknown,-1,train,signer_99,REGISTERED
train_MVI_3662,Places/35. Bank/MVI_3662.MOV,Places,bank,0,train,signer_36,REGISTERED
train_MVI_9985,Greetings/55. Thank you/MVI_9985.MOV,Greetings,thankyou,42,train,signer_99,REGISTERED
train_MVI_4176,Means_of_Transportation/11. Car/MVI_4176.MOV,Means_of_Transportation,car,6,train,signer_41,REGISTERED
train_MVI_3963,People/77. Boy/MVI_3963.MOV,People,boy,4,train,signer_39,REGISTERED
train_MVI_4307,Society/14. Election/MVI_4307.MOV,Society,election,13,train,signer_43,REGISTERED
train_MVI_8568,Animals/4. Bird/MVI_8568.MOV,Animals,bird,2,train,signer_85,REGISTERED
train_MVI_5187,Adjectives/78. long/MVI_5187.MOV,Adjectives,long,27,train,signer_51,REGISTERED
train_MVI_4017,Colours/47. Red/MVI_4017.MOV,Colours,red,35,train,signer_40,REGISTERED
train_MVI_4594,Days_and_Time/67. Monday/MVI_4594.MOV,Days_and_Time,monday,29,train,signer_45,REGISTERED
train_MVI_9319,Adjectives/84. small little/MVI_9319.MOV,Adjectives,smalllittle,38,train,signer_93,REGISTERED
train_MVI_3593,Places/19. House/MVI_3593.MOV,Places,house,24,train,signer_35,REGISTERED
train_MVI_3967,People/78. Girl/MVI_3967.MOV,People,girl,17,train,signer_39,REGISTERED
train_MVI_9970,Pronouns/44. it/MVI_9970.MOV,Pronouns,it,26,train,signer_99,REGISTERED
train_MVI_4941,People/61. Father/MVI_4941.MOV,People,father,16,train,signer_49,REGISTERED
train_MVI_3267,Places/19. House/MVI_3267.MOV,Places,house,24,train,signer_32,REGISTERED
train_MVI_9233,Adjectives/83. big large/MVI_9233.MOV,Adjectives,biglarge,1,train,signer_92,REGISTERED
train_MVI_3663,Places/35. Bank/MVI_3663.MOV,Places,bank,0,train,signer_36,REGISTERED
val_MVI_0099,Greetings/51. Good Morning/MVI_0099.MOV,Greetings,goodmorning,19,val,signer_00,REGISTERED
val_MVI_3240,Means_of_Transportation/11. Car/MVI_3240.MOV,Means_of_Transportation,car,6,val,signer_32,REGISTERED
val_MVI_9456,Adjectives/3. happy/MVI_9456.MOV,Adjectives,happy,20,val,signer_94,REGISTERED
val_MVI_3011,Animals/4. Bird/MVI_3011.MOV,Animals,bird,2,val,signer_30,REGISTERED
val_MVI_9204,Days_and_Time/86. Time/MVI_9204.MOV,Days_and_Time,time,43,val,signer_92,REGISTERED
val_MVI_4158,Animals/5. Cow/MVI_4158.MOV,Animals,cow,9,val,signer_41,REGISTERED
val_MVI_5248,Adjectives/97. dry/MVI_5248.MOV,Adjectives,dry,12,val,signer_52,REGISTERED
val_MVI_9237,Adjectives/84. small little/MVI_9237.MOV,Adjectives,smalllittle,38,val,signer_92,REGISTERED
val_MVI_4039,Colours/54. Black/MVI_4039.MOV,Colours,black,3,val,signer_40,REGISTERED
val_MVI_9922,Pronouns/40. I/MVI_9922.MOV,Pronouns,i,25,val,signer_99,REGISTERED
val_MVI_3532,Places/23. Court/MVI_3532.MOV,Places,court,8,val,signer_35,REGISTERED
val_MVI_0032,Pronouns/46. you (plural)/MVI_0032.MOV,Pronouns,unknown,-1,val,signer_00,REGISTERED
val_MVI_5267,Adjectives/78. long/MVI_5267.MOV,Adjectives,long,27,val,signer_52,REGISTERED
val_MVI_5245,People/66. Brother/MVI_5245.MOV,People,brother,5,val,signer_52,REGISTERED
val_MVI_9537,Adjectives/2. quiet/MVI_9537.MOV,Adjectives,quiet,34,val,signer_95,REGISTERED
val_MVI_0044,Greetings/51. Good Morning/MVI_0044.MOV,Greetings,goodmorning,19,val,signer_00,REGISTERED
val_MVI_5394,Electronics/54. Cell phone/MVI_5394.MOV,Electronics,cellphone,7,val,signer_53,REGISTERED
val_MVI_5159,Adjectives/94. good/MVI_5159.MOV,Adjectives,good,18,val,signer_51,REGISTERED
val_MVI_5448,Days_and_Time/67. Monday/MVI_5448.MOV,Days_and_Time,monday,29,val,signer_54,REGISTERED
val_MVI_8561,Animals/1. Dog/MVI_8561.MOV,Animals,dog,11,val,signer_85,REGISTERED
val_MVI_5422,Seasons/61. Summer/MVI_5422.MOV,Seasons,summer,40,val,signer_54,REGISTERED
val_MVI_8888,Jobs/91. Priest/MVI_8888.MOV,Jobs,priest,33,val,signer_88,REGISTERED
val_MVI_3866,Colours/47. Red/MVI_3866.MOV,Colours,red,35,val,signer_38,REGISTERED
val_MVI_3514,Places/19. House/MVI_3514.MOV,Places,house,24,val,signer_35,REGISTERED
val_MVI_3269,Places/19. House/MVI_3269.MOV,Places,house,24,val,signer_32,REGISTERED
val_MVI_9534,Adjectives/1. loud/MVI_9534.MOV,Adjectives,loud,28,val,signer_95,REGISTERED
val_MVI_3856,Clothes/44. Shoes/MVI_3856.MOV,Clothes,shoes,36,val,signer_38,REGISTERED
val_MVI_5125,Adjectives/83. big large/MVI_5125.MOV,Adjectives,biglarge,1,val,signer_51,REGISTERED
val_MVI_5063,Colours/55. White/MVI_5063.MOV,Colours,white,46,val,signer_50,REGISTERED
val_MVI_4115,People/78. Girl/MVI_4115.MOV,People,girl,17,val,signer_41,REGISTERED
val_MVI_3744,Colours/55. White/MVI_3744.MOV,Colours,white,46,val,signer_37,REGISTERED
val_MVI_9423,Adjectives/91. new/MVI_9423.MOV,Adjectives,new,30,val,signer_94,REGISTERED
val_MVI_4008,Clothes/44. Shoes/MVI_4008.MOV,Clothes,shoes,36,val,signer_40,REGISTERED
val_MVI_0039,Greetings/48. Hello/MVI_0039.MOV,Greetings,hello,22,val,signer_00,REGISTERED
val_MVI_3778,People/66. Brother/MVI_3778.MOV,People,brother,5,val,signer_37,REGISTERED
val_MVI_3661,Places/35. Bank/MVI_3661.MOV,Places,bank,0,val,signer_36,REGISTERED
val_MVI_5208,Adjectives/84. small little/MVI_5208.MOV,Adjectives,smalllittle,38,val,signer_52,REGISTERED
val_MVI_5340,Adjectives/2. quiet/MVI_5340.MOV,Adjectives,quiet,34,val,signer_53,REGISTERED
val_MVI_5023,Clothes/42. T-Shirt/MVI_5023.MOV,Clothes,i,25,val,signer_50,REGISTERED
val_MVI_4192,Means_of_Transportation/16. train ticket/MVI_4192.MOV,Means_of_Transportation,trainticket,44,val,signer_41,REGISTERED
val_MVI_9361,Adjectives/97. dry/MVI_9361.MOV,Adjectives,dry,12,val,signer_93,REGISTERED
val_MVI_3962,People/77. Boy/MVI_3962.MOV,People,boy,4,val,signer_39,REGISTERED
val_MVI_3633,Places/28. Store or Shop/MVI_3633.MOV,Places,storeorshop,39,val,signer_36,REGISTERED
val_MVI_0003,Pronouns/40. I/MVI_0003.MOV,Pronouns,i,25,val,signer_00,REGISTERED
val_MVI_3118,Means_of_Transportation/11. Car/MVI_3118.MOV,Means_of_Transportation,car,6,val,signer_31,REGISTERED
val_MVI_4745,Jobs/84. Teacher/MVI_4745.MOV,Jobs,teacher,41,val,signer_47,REGISTERED
val_MVI_9013,Home/28. Window/MVI_9013.MOV,Home,window,47,val,signer_90,REGISTERED
val_MVI_9175,Days_and_Time/78. Year/MVI_9175.MOV,Days_and_Time,year,48,val,signer_91,REGISTERED
val_MVI_3284,Places/23. Court/MVI_3284.MOV,Places,court,8,val,signer_32,REGISTERED
val_MVI_9302,Adjectives/79. short/MVI_9302.MOV,Adjectives,short,37,val,signer_93,REGISTERED
val_MVI_8663,Society/2. Death/MVI_8663.MOV,Society,death,10,val,signer_86,REGISTERED
val_MVI_4159,Animals/5. Cow/MVI_4159.MOV,Animals,cow,9,val,signer_41,REGISTERED
val_MVI_9350,Adjectives/94. good/MVI_9350.MOV,Adjectives,good,18,val,signer_93,REGISTERED
val_MVI_3837,Clothes/37. Hat/MVI_3837.MOV,Clothes,hat,21,val,signer_38,REGISTERED
val_MVI_9939,Pronouns/44. it/MVI_9939.MOV,Pronouns,it,26,val,signer_99,REGISTERED
val_MVI_0112,Greetings/55. Thank you/MVI_0112.MOV,Greetings,thankyou,42,val,signer_01,REGISTERED
val_MVI_9376,Adjectives/3. happy/MVI_9376.MOV,Adjectives,happy,20,val,signer_93,REGISTERED
val_MVI_9261,Adjectives/91. new/MVI_9261.MOV,Adjectives,new,30,val,signer_92,REGISTERED
val_MVI_4964,Electronics/53. Fan/MVI_4964.MOV,Electronics,fan,15,val,signer_49,REGISTERED
val_MVI_5190,Adjectives/79. short/MVI_5190.MOV,Adjectives,short,37,val,signer_51,REGISTERED
val_MVI_5433,Seasons/64. Fall/MVI_5433.MOV,Seasons,fall,14,val,signer_54,REGISTERED
val_MVI_4306,Society/14. Election/MVI_4306.MOV,Society,election,13,val,signer_43,REGISTERED
val_MVI_4986,People/78. Girl/MVI_4986.MOV,People,girl,17,val,signer_49,REGISTERED
val_MVI_4156,Animals/4. Bird/MVI_4156.MOV,Animals,bird,2,val,signer_41,REGISTERED
val_MVI_9396,Adjectives/83. big large/MVI_9396.MOV,Adjectives,biglarge,1,val,signer_93,REGISTERED
val_MVI_3815,People/77. Boy/MVI_3815.MOV,People,boy,4,val,signer_38,REGISTERED
val_MVI_8626,People/61. Father/MVI_8626.MOV,People,father,16,val,signer_86,REGISTERED
val_MVI_3909,People/61. Father/MVI_3909.MOV,People,father,16,val,signer_39,REGISTERED
val_MVI_4897,Colours/47. Red/MVI_4897.MOV,Colours,red,35,val,signer_48,REGISTERED
val_MVI_5171,Clothes/42. T-Shirt/MVI_5171.MOV,Clothes,i,25,val,signer_51,REGISTERED
val_MVI_3307,Places/28. Store or Shop/MVI_3307.MOV,Places,storeorshop,39,val,signer_33,REGISTERED
val_MVI_8795,Home/34. Pen/MVI_8795.MOV,Home,pen,32,val,signer_87,REGISTERED
val_MVI_8820,Home/40. Paint/MVI_8820.MOV,Home,paint,31,val,signer_88,REGISTERED
val_MVI_5178,Adjectives/1. loud/MVI_5178.MOV,Adjectives,loud,28,val,signer_51,REGISTERED
val_MVI_9945,Pronouns/46. you (plural)/MVI_9945.MOV,Pronouns,unknown,-1,val,signer_99,REGISTERED
val_MVI_9410,Adjectives/87. hot/MVI_9410.MOV,Adjectives,hot,23,val,signer_94,REGISTERED
val_MVI_3421,Places/35. Bank/MVI_3421.MOV,Places,bank,0,val,signer_34,REGISTERED
test_MVI_2988,Animals/4. Bird/MVI_2988.MOV,Animals,bird,2,test,signer_29,REGISTERED
test_MVI_4920,Colours/54. Black/MVI_4920.MOV,Colours,black,3,test,signer_49,REGISTERED
test_MVI_3740,Colours/54. Black/MVI_3740.MOV,Colours,black,3,test,signer_37,REGISTERED
test_MVI_3742,Colours/54. Black/MVI_3742.MOV,Colours,black,3,test,signer_37,REGISTERED
test_MVI_5207,Colours/54. Black/MVI_5207.MOV,Colours,black,3,test,signer_52,REGISTERED
test_MVI_4041,Colours/54. Black/MVI_4041.MOV,Colours,black,3,test,signer_40,REGISTERED
test_MVI_3145,Means_of_Transportation/11. Car/MVI_3145.MOV,Means_of_Transportation,car,6,test,signer_31,REGISTERED
test_MVI_3174,Means_of_Transportation/11. Car/MVI_3174.MOV,Means_of_Transportation,car,6,test,signer_31,REGISTERED
test_MVI_3176,Means_of_Transportation/11. Car/MVI_3176.MOV,Means_of_Transportation,car,6,test,signer_31,REGISTERED
test_MVI_3116,Means_of_Transportation/11. Car/MVI_3116.MOV,Means_of_Transportation,car,6,test,signer_31,REGISTERED
test_MVI_3086,Animals/1. Dog/MVI_3086.MOV,Animals,dog,11,test,signer_30,REGISTERED
test_MVI_8560,Animals/1. Dog/MVI_8560.MOV,Animals,dog,11,test,signer_85,REGISTERED
test_MVI_2978,Animals/1. Dog/MVI_2978.MOV,Animals,dog,11,test,signer_29,REGISTERED
test_MVI_3087,Animals/1. Dog/MVI_3087.MOV,Animals,dog,11,test,signer_30,REGISTERED
test_MVI_2980,Animals/1. Dog/MVI_2980.MOV,Animals,dog,11,test,signer_29,REGISTERED
test_MVI_4147,Animals/1. Dog/MVI_4147.MOV,Animals,dog,11,test,signer_41,REGISTERED
test_MVI_3029,Animals/1. Dog/MVI_3029.MOV,Animals,dog,11,test,signer_30,REGISTERED
test_MVI_5435,Seasons/64. Fall/MVI_5435.MOV,Seasons,fall,14,test,signer_54,REGISTERED
test_MVI_9132,Seasons/64. Fall/MVI_9132.MOV,Seasons,fall,14,test,signer_91,REGISTERED
test_MVI_4578,Seasons/64. Fall/MVI_4578.MOV,Seasons,fall,14,test,signer_45,REGISTERED
test_MVI_5082,People/61. Father/MVI_5082.MOV,People,father,16,test,signer_50,REGISTERED
test_MVI_5080,People/61. Father/MVI_5080.MOV,People,father,16,test,signer_50,REGISTERED
test_MVI_9971,Greetings/51. Good Morning/MVI_9971.MOV,Greetings,goodmorning,19,test,signer_99,REGISTERED
test_MVI_9993,Greetings/51. Good Morning/MVI_9993.MOV,Greetings,goodmorning,19,test,signer_99,REGISTERED
test_MVI_9992,Greetings/51. Good Morning/MVI_9992.MOV,Greetings,goodmorning,19,test,signer_99,REGISTERED
test_MVI_9969,Greetings/51. Good Morning/MVI_9969.MOV,Greetings,goodmorning,19,test,signer_99,REGISTERED
test_MVI_5186,Colours/47. Red/MVI_5186.MOV,Colours,red,35,test,signer_51,REGISTERED
test_MVI_4898,Colours/47. Red/MVI_4898.MOV,Colours,red,35,test,signer_48,REGISTERED
test_MVI_9122,Seasons/61. Summer/MVI_9122.MOV,Seasons,summer,40,test,signer_91,REGISTERED
test_MVI_4991,Seasons/61. Summer/MVI_4991.MOV,Seasons,summer,40,test,signer_49,REGISTERED
test_MVI_4568,Seasons/61. Summer/MVI_4568.MOV,Seasons,summer,40,test,signer_45,REGISTERED
test_MVI_5211,Colours/55. White/MVI_5211.MOV,Colours,white,46,test,signer_52,REGISTERED
test_MVI_9369,Adjectives/1. loud/MVI_9369.MOV,Adjectives,loud,28,test,signer_93,REGISTERED
test_MVI_9536,Adjectives/1. loud/MVI_9536.MOV,Adjectives,loud,28,test,signer_95,REGISTERED
test_MVI_5258,Adjectives/1. loud/MVI_5258.MOV,Adjectives,loud,28,test,signer_52,REGISTERED
test_MVI_5259,Adjectives/1. loud/MVI_5259.MOV,Adjectives,loud,28,test,signer_52,REGISTERED
test_MVI_9289,Adjectives/1. loud/MVI_9289.MOV,Adjectives,loud,28,test,signer_92,REGISTERED
test_MVI_5177,Adjectives/1. loud/MVI_5177.MOV,Adjectives,loud,28,test,signer_51,REGISTERED
test_MVI_5180,Adjectives/2. quiet/MVI_5180.MOV,Adjectives,quiet,34,test,signer_51,REGISTERED
test_MVI_9539,Adjectives/2. quiet/MVI_9539.MOV,Adjectives,quiet,34,test,signer_95,REGISTERED
test_MVI_9372,Adjectives/2. quiet/MVI_9372.MOV,Adjectives,quiet,34,test,signer_93,REGISTERED
test_MVI_5183,Adjectives/3. happy/MVI_5183.MOV,Adjectives,happy,20,test,signer_51,REGISTERED
test_MVI_9297,Adjectives/3. happy/MVI_9297.MOV,Adjectives,happy,20,test,signer_92,REGISTERED
test_MVI_5263,Adjectives/3. happy/MVI_5263.MOV,Adjectives,happy,20,test,signer_52,REGISTERED
test_MVI_9219,Adjectives/78. long/MVI_9219.MOV,Adjectives,long,27,test,signer_92,REGISTERED
test_MVI_9379,Adjectives/78. long/MVI_9379.MOV,Adjectives,long,27,test,signer_93,REGISTERED
test_MVI_5268,Adjectives/78. long/MVI_5268.MOV,Adjectives,long,27,test,signer_52,REGISTERED
test_MVI_5106,Adjectives/78. long/MVI_5106.MOV,Adjectives,long,27,test,signer_51,REGISTERED
test_MVI_9300,Adjectives/78. long/MVI_9300.MOV,Adjectives,long,27,test,signer_93,REGISTERED
test_MVI_9377,Adjectives/78. long/MVI_9377.MOV,Adjectives,long,27,test,signer_93,REGISTERED
test_MVI_5191,Adjectives/79. short/MVI_5191.MOV,Adjectives,short,37,test,signer_51,REGISTERED
test_MVI_9220,Adjectives/79. short/MVI_9220.MOV,Adjectives,short,37,test,signer_92,REGISTERED
test_MVI_9222,Adjectives/79. short/MVI_9222.MOV,Adjectives,short,37,test,signer_92,REGISTERED
test_MVI_9462,Adjectives/79. short/MVI_9462.MOV,Adjectives,short,37,test,signer_94,REGISTERED
test_MVI_5271,Adjectives/79. short/MVI_5271.MOV,Adjectives,short,37,test,signer_52,REGISTERED
test_MVI_9303,Adjectives/79. short/MVI_9303.MOV,Adjectives,short,37,test,signer_93,REGISTERED
test_MVI_9395,Adjectives/83. big large/MVI_9395.MOV,Adjectives,biglarge,1,test,signer_93,REGISTERED
test_MVI_5283,Adjectives/83. big large/MVI_5283.MOV,Adjectives,biglarge,1,test,signer_52,REGISTERED
test_MVI_9475,Adjectives/83. big large/MVI_9475.MOV,Adjectives,biglarge,1,test,signer_94,REGISTERED
test_MVI_5203,Adjectives/83. big large/MVI_5203.MOV,Adjectives,biglarge,1,test,signer_52,REGISTERED
test_MVI_9397,Adjectives/84. small little/MVI_9397.MOV,Adjectives,smalllittle,38,test,signer_93,REGISTERED
test_MVI_5127,Adjectives/84. small little/MVI_5127.MOV,Adjectives,smalllittle,38,test,signer_51,REGISTERED
test_MVI_9320,Adjectives/84. small little/MVI_9320.MOV,Adjectives,smalllittle,38,test,signer_93,REGISTERED
test_MVI_5206,Adjectives/84. small little/MVI_5206.MOV,Adjectives,smalllittle,38,test,signer_52,REGISTERED
test_MVI_9408,Adjectives/87. hot/MVI_9408.MOV,Adjectives,hot,23,test,signer_94,REGISTERED
test_MVI_9487,Adjectives/87. hot/MVI_9487.MOV,Adjectives,hot,23,test,signer_94,REGISTERED
test_MVI_9489,Adjectives/87. hot/MVI_9489.MOV,Adjectives,hot,23,test,signer_94,REGISTERED
test_MVI_9329,Adjectives/87. hot/MVI_9329.MOV,Adjectives,hot,23,test,signer_93,REGISTERED
test_MVI_9248,Adjectives/87. hot/MVI_9248.MOV,Adjectives,hot,23,test,signer_92,REGISTERED
test_MVI_5216,Adjectives/87. hot/MVI_5216.MOV,Adjectives,hot,23,test,signer_52,REGISTERED
test_MVI_5150,Adjectives/91. new/MVI_5150.MOV,Adjectives,new,30,test,signer_51,REGISTERED
test_MVI_5230,Adjectives/91. new/MVI_5230.MOV,Adjectives,new,30,test,signer_52,REGISTERED
test_MVI_9501,Adjectives/91. new/MVI_9501.MOV,Adjectives,new,30,test,signer_95,REGISTERED
test_MVI_9430,Adjectives/94. good/MVI_9430.MOV,Adjectives,good,18,test,signer_94,REGISTERED
test_MVI_5158,Adjectives/94. good/MVI_5158.MOV,Adjectives,good,18,test,signer_51,REGISTERED
test_MVI_5239,Adjectives/94. good/MVI_5239.MOV,Adjectives,good,18,test,signer_52,REGISTERED
test_MVI_3016,Animals/5. Cow/MVI_3016.MOV,Animals,cow,9,test,signer_30,REGISTERED
test_MVI_3073,Animals/5. Cow/MVI_3073.MOV,Animals,cow,9,test,signer_30,REGISTERED
test_MVI_3048,Animals/5. Cow/MVI_3048.MOV,Animals,cow,9,test,signer_30,REGISTERED
test_MVI_8600,Clothes/37. Hat/MVI_8600.MOV,Clothes,hat,21,test,signer_86,REGISTERED
test_MVI_5156,Clothes/37. Hat/MVI_5156.MOV,Clothes,hat,21,test,signer_51,REGISTERED
test_MVI_5155,Clothes/37. Hat/MVI_5155.MOV,Clothes,hat,21,test,signer_51,REGISTERED
test_MVI_3984,Clothes/37. Hat/MVI_3984.MOV,Clothes,hat,21,test,signer_39,REGISTERED
test_MVI_3836,Clothes/37. Hat/MVI_3836.MOV,Clothes,hat,21,test,signer_38,REGISTERED
test_MVI_4865,Clothes/37. Hat/MVI_4865.MOV,Clothes,hat,21,test,signer_48,REGISTERED
test_MVI_4004,Clothes/42. T-Shirt/MVI_4004.MOV,Clothes,i,25,test,signer_40,REGISTERED
test_MVI_3852,Clothes/42. T-Shirt/MVI_3852.MOV,Clothes,i,25,test,signer_38,REGISTERED
test_MVI_3704,Clothes/42. T-Shirt/MVI_3704.MOV,Clothes,i,25,test,signer_37,REGISTERED
test_MVI_3858,Clothes/44. Shoes/MVI_3858.MOV,Clothes,shoes,36,test,signer_38,REGISTERED
test_MVI_4010,Clothes/44. Shoes/MVI_4010.MOV,Clothes,shoes,36,test,signer_40,REGISTERED
test_MVI_4889,Clothes/44. Shoes/MVI_4889.MOV,Clothes,shoes,36,test,signer_48,REGISTERED
test_MVI_5029,Clothes/44. Shoes/MVI_5029.MOV,Clothes,shoes,36,test,signer_50,REGISTERED
test_MVI_5447,Days_and_Time/67. Monday/MVI_5447.MOV,Days_and_Time,monday,29,test,signer_54,REGISTERED
test_MVI_4593,Days_and_Time/67. Monday/MVI_4593.MOV,Days_and_Time,monday,29,test,signer_45,REGISTERED
test_MVI_5494,Days_and_Time/78. Year/MVI_5494.MOV,Days_and_Time,year,48,test,signer_54,REGISTERED
test_MVI_4638,Days_and_Time/78. Year/MVI_4638.MOV,Days_and_Time,year,48,test,signer_46,REGISTERED
test_MVI_4635,Days_and_Time/78. Year/MVI_4635.MOV,Days_and_Time,year,48,test,signer_46,REGISTERED
test_MVI_4637,Days_and_Time/78. Year/MVI_4637.MOV,Days_and_Time,year,48,test,signer_46,REGISTERED
test_MVI_4636,Days_and_Time/78. Year/MVI_4636.MOV,Days_and_Time,year,48,test,signer_46,REGISTERED
test_MVI_5049,Days_and_Time/78. Year/MVI_5049.MOV,Days_and_Time,year,48,test,signer_50,REGISTERED
test_MVI_9177,Days_and_Time/78. Year/MVI_9177.MOV,Days_and_Time,year,48,test,signer_91,REGISTERED
test_MVI_5525,Days_and_Time/86. Time/MVI_5525.MOV,Days_and_Time,time,43,test,signer_55,REGISTERED
test_MVI_5527,Days_and_Time/86. Time/MVI_5527.MOV,Days_and_Time,time,43,test,signer_55,REGISTERED
test_MVI_5077,Days_and_Time/86. Time/MVI_5077.MOV,Days_and_Time,time,43,test,signer_50,REGISTERED
test_MVI_5387,Electronics/53. Fan/MVI_5387.MOV,Electronics,fan,15,test,signer_53,REGISTERED
test_MVI_4535,Electronics/53. Fan/MVI_4535.MOV,Electronics,fan,15,test,signer_45,REGISTERED
test_MVI_5388,Electronics/53. Fan/MVI_5388.MOV,Electronics,fan,15,test,signer_53,REGISTERED
test_MVI_5393,Electronics/54. Cell phone/MVI_5393.MOV,Electronics,cellphone,7,test,signer_53,REGISTERED
test_MVI_4969,Electronics/54. Cell phone/MVI_4969.MOV,Electronics,cellphone,7,test,signer_49,REGISTERED
test_MVI_4967,Electronics/54. Cell phone/MVI_4967.MOV,Electronics,cellphone,7,test,signer_49,REGISTERED
test_MVI_4537,Electronics/54. Cell phone/MVI_4537.MOV,Electronics,cellphone,7,test,signer_45,REGISTERED
test_MVI_0029,Greetings/48. Hello/MVI_0029.MOV,Greetings,hello,22,test,signer_00,REGISTERED
test_MVI_9915,Greetings/48. Hello/MVI_9915.MOV,Greetings,hello,22,test,signer_99,REGISTERED
test_MVI_0091,Greetings/48. Hello/MVI_0091.MOV,Greetings,hello,22,test,signer_00,REGISTERED
test_MVI_9957,Greetings/48. Hello/MVI_9957.MOV,Greetings,hello,22,test,signer_99,REGISTERED
test_MVI_0030,Greetings/48. Hello/MVI_0030.MOV,Greetings,hello,22,test,signer_00,REGISTERED
test_MVI_9982,Greetings/48. Hello/MVI_9982.MOV,Greetings,hello,22,test,signer_99,REGISTERED
test_MVI_0031,Greetings/48. Hello/MVI_0031.MOV,Greetings,hello,22,test,signer_00,REGISTERED
test_MVI_0006,Greetings/55. Thank you/MVI_0006.MOV,Greetings,thankyou,42,test,signer_00,REGISTERED
test_MVI_9948,Greetings/55. Thank you/MVI_9948.MOV,Greetings,thankyou,42,test,signer_99,REGISTERED
test_MVI_0113,Greetings/55. Thank you/MVI_0113.MOV,Greetings,thankyou,42,test,signer_01,REGISTERED
test_MVI_9987,Greetings/55. Thank you/MVI_9987.MOV,Greetings,thankyou,42,test,signer_99,REGISTERED
test_MVI_9951,Greetings/55. Thank you/MVI_9951.MOV,Greetings,thankyou,42,test,signer_99,REGISTERED
test_MVI_9984,Greetings/55. Thank you/MVI_9984.MOV,Greetings,thankyou,42,test,signer_99,REGISTERED
test_MVI_0060_,Greetings/55. Thank you/MVI_0060_.MOV,Greetings,thankyou,42,test,signer_.M,REGISTERED
test_MVI_4363,Home/28. Window/MVI_4363.MOV,Home,window,47,test,signer_43,REGISTERED
test_MVI_9015,Home/28. Window/MVI_9015.MOV,Home,window,47,test,signer_90,REGISTERED
test_MVI_8768,Home/28. Window/MVI_8768.MOV,Home,window,47,test,signer_87,REGISTERED
test_MVI_4906,Home/34. Pen/MVI_4906.MOV,Home,pen,32,test,signer_49,REGISTERED
test_MVI_8793,Home/34. Pen/MVI_8793.MOV,Home,pen,32,test,signer_87,REGISTERED
test_MVI_8821,Home/40. Paint/MVI_8821.MOV,Home,paint,31,test,signer_88,REGISTERED
test_MVI_4415,Home/40. Paint/MVI_4415.MOV,Home,paint,31,test,signer_44,REGISTERED
test_MVI_8817,Home/40. Paint/MVI_8817.MOV,Home,paint,31,test,signer_88,REGISTERED
test_MVI_4460,Jobs/84. Teacher/MVI_4460.MOV,Jobs,teacher,41,test,signer_44,REGISTERED
test_MVI_5313,Jobs/84. Teacher/MVI_5313.MOV,Jobs,teacher,41,test,signer_53,REGISTERED
test_MVI_4457,Jobs/84. Teacher/MVI_4457.MOV,Jobs,teacher,41,test,signer_44,REGISTERED
test_MVI_4772,Jobs/91. Priest/MVI_4772.MOV,Jobs,priest,33,test,signer_47,REGISTERED
test_MVI_3253,Means_of_Transportation/16. train ticket/MVI_3253.MOV,Means_of_Transportation,trainticket,44,test,signer_32,REGISTERED
test_MVI_3132,Means_of_Transportation/16. train ticket/MVI_3132.MOV,Means_of_Transportation,trainticket,44,test,signer_31,REGISTERED
test_MVI_3225,Means_of_Transportation/16. train ticket/MVI_3225.MOV,Means_of_Transportation,trainticket,44,test,signer_32,REGISTERED
test_MVI_3197,Means_of_Transportation/16. train ticket/MVI_3197.MOV,Means_of_Transportation,trainticket,44,test,signer_31,REGISTERED
test_MVI_3195,Means_of_Transportation/16. train ticket/MVI_3195.MOV,Means_of_Transportation,trainticket,44,test,signer_31,REGISTERED
test_MVI_4193,Means_of_Transportation/16. train ticket/MVI_4193.MOV,Means_of_Transportation,trainticket,44,test,signer_41,REGISTERED
test_MVI_3163,Means_of_Transportation/16. train ticket/MVI_3163.MOV,Means_of_Transportation,trainticket,44,test,signer_31,REGISTERED
test_MVI_8597,Means_of_Transportation/16. train ticket/MVI_8597.MOV,Means_of_Transportation,trainticket,44,test,signer_85,REGISTERED
test_MVI_4077,People/66. Brother/MVI_4077.MOV,People,brother,5,test,signer_40,REGISTERED
test_MVI_3929,People/66. Brother/MVI_3929.MOV,People,brother,5,test,signer_39,REGISTERED
test_MVI_5097,People/66. Brother/MVI_5097.MOV,People,brother,5,test,signer_50,REGISTERED
test_MVI_3779,People/66. Brother/MVI_3779.MOV,People,brother,5,test,signer_37,REGISTERED
test_MVI_3927,People/66. Brother/MVI_3927.MOV,People,brother,5,test,signer_39,REGISTERED
test_MVI_4111,People/77. Boy/MVI_4111.MOV,People,boy,4,test,signer_41,REGISTERED
test_MVI_5287,People/77. Boy/MVI_5287.MOV,People,boy,4,test,signer_52,REGISTERED
test_MVI_5134,People/77. Boy/MVI_5134.MOV,People,boy,4,test,signer_51,REGISTERED
test_MVI_8644,People/77. Boy/MVI_8644.MOV,People,boy,4,test,signer_86,REGISTERED
test_MVI_4985,People/78. Girl/MVI_4985.MOV,People,girl,17,test,signer_49,REGISTERED
test_MVI_5136,People/78. Girl/MVI_5136.MOV,People,girl,17,test,signer_51,REGISTERED
test_MVI_3286,Places/23. Court/MVI_3286.MOV,Places,court,8,test,signer_32,REGISTERED
test_MVI_3365,Places/23. Court/MVI_3365.MOV,Places,court,8,test,signer_33,REGISTERED
test_MVI_3611,Places/23. Court/MVI_3611.MOV,Places,court,8,test,signer_36,REGISTERED
test_MVI_3439,Places/19. House/Extra/MVI_3439.MOV,Places,house,24,test,signer_34,REGISTERED
test_MVI_3634,Places/28. Store or Shop/MVI_3634.MOV,Places,storeorshop,39,test,signer_36,REGISTERED
test_MVI_3384,Places/28. Store or Shop/MVI_3384.MOV,Places,storeorshop,39,test,signer_33,REGISTERED
test_MVI_3552,Places/28. Store or Shop/MVI_3552.MOV,Places,storeorshop,39,test,signer_35,REGISTERED
test_MVI_3472,Places/28. Store or Shop/MVI_3472.MOV,Places,storeorshop,39,test,signer_34,REGISTERED
test_MVI_3335,Places/35. Bank/MVI_3335.MOV,Places,bank,0,test,signer_33,REGISTERED
test_MVI_3581,Places/35. Bank/MVI_3581.MOV,Places,bank,0,test,signer_35,REGISTERED
test_MVI_3419,Places/35. Bank/MVI_3419.MOV,Places,bank,0,test,signer_34,REGISTERED
test_MVI_3584,Places/35. Bank/MVI_3584.MOV,Places,bank,0,test,signer_35,REGISTERED
test_MVI_3503,Places/35. Bank/MVI_3503.MOV,Places,bank,0,test,signer_35,REGISTERED
test_MVI_3338,Places/35. Bank/MVI_3338.MOV,Places,bank,0,test,signer_33,REGISTERED
test_MVI_0014,Pronouns/40. I/MVI_0014.MOV,Pronouns,i,25,test,signer_00,REGISTERED
test_MVI_0064,Pronouns/40. I/MVI_0064.MOV,Pronouns,i,25,test,signer_00,REGISTERED
test_MVI_9880,Pronouns/40. I/MVI_9880.MOV,Pronouns,i,25,test,signer_98,REGISTERED
test_MVI_9971,Pronouns/44. it/MVI_9971.MOV,Pronouns,it,26,test,signer_99,REGISTERED
test_MVI_0015,Pronouns/44. it/MVI_0015.MOV,Pronouns,it,26,test,signer_00,REGISTERED
test_MVI_0077,Pronouns/44. it/MVI_0077.MOV,Pronouns,it,26,test,signer_00,REGISTERED
test_MVI_9899,Pronouns/44. it/MVI_9899.MOV,Pronouns,it,26,test,signer_98,REGISTERED
test_MVI_0076,Pronouns/44. it/MVI_0076.MOV,Pronouns,it,26,test,signer_00,REGISTERED
test_MVI_9900,Pronouns/44. it/MVI_9900.MOV,Pronouns,it,26,test,signer_99,REGISTERED
test_MVI_0026,Pronouns/44. it/MVI_0026.MOV,Pronouns,it,26,test,signer_00,REGISTERED
test_MVI_0024,Pronouns/44. it/MVI_0024.MOV,Pronouns,it,26,test,signer_00,REGISTERED
test_MVI_9969,Pronouns/44. it/MVI_9969.MOV,Pronouns,it,26,test,signer_99,REGISTERED
test_MVI_9948,Pronouns/46. you (plural)/MVI_9948.MOV,Pronouns,unknown,-1,test,signer_99,REGISTERED
test_MVI_9907,Pronouns/46. you (plural)/MVI_9907.MOV,Pronouns,unknown,-1,test,signer_99,REGISTERED
test_MVI_9905,Pronouns/46. you (plural)/MVI_9905.MOV,Pronouns,unknown,-1,test,signer_99,REGISTERED
test_MVI_4841,Society/14. Election/MVI_4841.MOV,Society,election,13,test,signer_48,REGISTERED
test_MVI_8967,Society/14. Election/MVI_8967.MOV,Society,election,13,test,signer_89,REGISTERED
test_MVI_8931,Society/2. Death/MVI_8931.MOV,Society,death,10,test,signer_89,REGISTERED
test_MVI_4801,Society/2. Death/MVI_4801.MOV,Society,death,10,test,signer_48,REGISTERED
test_MVI_4800,Society/2. Death/MVI_4800.MOV,Society,death,10,test,signer_48,REGISTERED
test_MVI_4255,Society/2. Death/MVI_4255.MOV,Society,death,10,test,signer_42,REGISTERED
test_MVI_4256,Society/2. Death/MVI_4256.MOV,Society,death,10,test,signer_42,REGISTERED
