sample_id,video_file,video_path,class_label,class_id,signer_id,split,frame_count,fps,duration_sec,resolution
raw_0001,hello_signer_01_rep1.mp4,data/raw/videos\hello_signer_01_rep1.mp4,hello,0,signer_01,train,45,25.0,1.8,426x240
raw_0002,hello_signer_01_rep2.mp4,data/raw/videos\hello_signer_01_rep2.mp4,hello,0,signer_01,train,55,25.0,2.2,426x240
raw_0003,hello_signer_02_rep1.mp4,data/raw/videos\hello_signer_02_rep1.mp4,hello,0,signer_02,val,45,25.0,1.8,426x240
raw_0004,hello_signer_02_rep2.mp4,data/raw/videos\hello_signer_02_rep2.mp4,hello,0,signer_02,test,55,25.0,2.2,426x240
raw_0005,hello_signer_03_rep1.mp4,data/raw/videos\hello_signer_03_rep1.mp4,hello,0,signer_03,train,45,25.0,1.8,426x240
raw_0006,hello_signer_03_rep2.mp4,data/raw/videos\hello_signer_03_rep2.mp4,hello,0,signer_03,train,55,25.0,2.2,426x240
raw_0007,thankyou_signer_01_rep1.mp4,data/raw/videos\thankyou_signer_01_rep1.mp4,thankyou,1,signer_01,val,45,25.0,1.8,426x240
raw_0008,thankyou_signer_01_rep2.mp4,data/raw/videos\thankyou_signer_01_rep2.mp4,thankyou,1,signer_01,test,55,25.0,2.2,426x240
raw_0009,thankyou_signer_02_rep1.mp4,data/raw/videos\thankyou_signer_02_rep1.mp4,thankyou,1,signer_02,train,45,25.0,1.8,426x240
raw_0010,thankyou_signer_02_rep2.mp4,data/raw/videos\thankyou_signer_02_rep2.mp4,thankyou,1,signer_02,train,55,25.0,2.2,426x240
raw_0011,thankyou_signer_03_rep1.mp4,data/raw/videos\thankyou_signer_03_rep1.mp4,thankyou,1,signer_03,train,45,25.0,1.8,426x240
raw_0012,thankyou_signer_03_rep2.mp4,data/raw/videos\thankyou_signer_03_rep2.mp4,thankyou,1,signer_03,val,55,25.0,2.2,426x240
raw_0013,good_signer_01_rep1.mp4,data/raw/videos\good_signer_01_rep1.mp4,good,2,signer_01,train,45,25.0,1.8,426x240
raw_0014,good_signer_01_rep2.mp4,data/raw/videos\good_signer_01_rep2.mp4,good,2,signer_01,train,55,25.0,2.2,426x240
raw_0015,good_signer_02_rep1.mp4,data/raw/videos\good_signer_02_rep1.mp4,good,2,signer_02,train,45,25.0,1.8,426x240
raw_0016,good_signer_02_rep2.mp4,data/raw/videos\good_signer_02_rep2.mp4,good,2,signer_02,val,55,25.0,2.2,426x240
raw_0017,good_signer_03_rep1.mp4,data/raw/videos\good_signer_03_rep1.mp4,good,2,signer_03,test,45,25.0,1.8,426x240
raw_0018,good_signer_03_rep2.mp4,data/raw/videos\good_signer_03_rep2.mp4,good,2,signer_03,train,55,25.0,2.2,426x240
raw_0019,happy_signer_01_rep1.mp4,data/raw/videos\happy_signer_01_rep1.mp4,happy,3,signer_01,train,45,25.0,1.8,426x240
raw_0020,happy_signer_01_rep2.mp4,data/raw/videos\happy_signer_01_rep2.mp4,happy,3,signer_01,val,55,25.0,2.2,426x240
raw_0021,happy_signer_02_rep1.mp4,data/raw/videos\happy_signer_02_rep1.mp4,happy,3,signer_02,test,45,25.0,1.8,426x240
raw_0022,happy_signer_02_rep2.mp4,data/raw/videos\happy_signer_02_rep2.mp4,happy,3,signer_02,train,55,25.0,2.2,426x240
raw_0023,happy_signer_03_rep1.mp4,data/raw/videos\happy_signer_03_rep1.mp4,happy,3,signer_03,train,45,25.0,1.8,426x240
raw_0024,happy_signer_03_rep2.mp4,data/raw/videos\happy_signer_03_rep2.mp4,happy,3,signer_03,train,55,25.0,2.2,426x240
raw_0025,monday_signer_01_rep1.mp4,data/raw/videos\monday_signer_01_rep1.mp4,monday,4,signer_01,test,45,25.0,1.8,426x240
raw_0026,monday_signer_01_rep2.mp4,data/raw/videos\monday_signer_01_rep2.mp4,monday,4,signer_01,train,55,25.0,2.2,426x240
raw_0027,monday_signer_02_rep1.mp4,data/raw/videos\monday_signer_02_rep1.mp4,monday,4,signer_02,train,45,25.0,1.8,426x240
raw_0028,monday_signer_02_rep2.mp4,data/raw/videos\monday_signer_02_rep2.mp4,monday,4,signer_02,train,55,25.0,2.2,426x240
raw_0029,monday_signer_03_rep1.mp4,data/raw/videos\monday_signer_03_rep1.mp4,monday,4,signer_03,val,45,25.0,1.8,426x240
raw_0030,monday_signer_03_rep2.mp4,data/raw/videos\monday_signer_03_rep2.mp4,monday,4,signer_03,test,55,25.0,2.2,426x240
raw_0031,car_signer_01_rep1.mp4,data/raw/videos\car_signer_01_rep1.mp4,car,5,signer_01,train,45,25.0,1.8,426x240
raw_0032,car_signer_01_rep2.mp4,data/raw/videos\car_signer_01_rep2.mp4,car,5,signer_01,train,55,25.0,2.2,426x240
raw_0033,car_signer_02_rep1.mp4,data/raw/videos\car_signer_02_rep1.mp4,car,5,signer_02,val,45,25.0,1.8,426x240
raw_0034,car_signer_02_rep2.mp4,data/raw/videos\car_signer_02_rep2.mp4,car,5,signer_02,test,55,25.0,2.2,426x240
raw_0035,car_signer_03_rep1.mp4,data/raw/videos\car_signer_03_rep1.mp4,car,5,signer_03,train,45,25.0,1.8,426x240
raw_0036,car_signer_03_rep2.mp4,data/raw/videos\car_signer_03_rep2.mp4,car,5,signer_03,train,55,25.0,2.2,426x240
raw_0037,bird_signer_01_rep1.mp4,data/raw/videos\bird_signer_01_rep1.mp4,bird,6,signer_01,val,45,25.0,1.8,426x240
raw_0038,bird_signer_01_rep2.mp4,data/raw/videos\bird_signer_01_rep2.mp4,bird,6,signer_01,test,55,25.0,2.2,426x240
raw_0039,bird_signer_02_rep1.mp4,data/raw/videos\bird_signer_02_rep1.mp4,bird,6,signer_02,train,45,25.0,1.8,426x240
raw_0040,bird_signer_02_rep2.mp4,data/raw/videos\bird_signer_02_rep2.mp4,bird,6,signer_02,train,55,25.0,2.2,426x240
raw_0041,bird_signer_03_rep1.mp4,data/raw/videos\bird_signer_03_rep1.mp4,bird,6,signer_03,train,45,25.0,1.8,426x240
raw_0042,bird_signer_03_rep2.mp4,data/raw/videos\bird_signer_03_rep2.mp4,bird,6,signer_03,val,55,25.0,2.2,426x240
raw_0043,house_signer_01_rep1.mp4,data/raw/videos\house_signer_01_rep1.mp4,house,7,signer_01,train,45,25.0,1.8,426x240
raw_0044,house_signer_01_rep2.mp4,data/raw/videos\house_signer_01_rep2.mp4,house,7,signer_01,train,53,25.0,2.12,426x240
raw_0045,house_signer_02_rep1.mp4,data/raw/videos\house_signer_02_rep1.mp4,house,7,signer_02,train,45,25.0,1.8,426x240
raw_0046,house_signer_02_rep2.mp4,data/raw/videos\house_signer_02_rep2.mp4,house,7,signer_02,val,53,25.0,2.12,426x240
raw_0047,house_signer_03_rep1.mp4,data/raw/videos\house_signer_03_rep1.mp4,house,7,signer_03,test,45,25.0,1.8,426x240
raw_0048,house_signer_03_rep2.mp4,data/raw/videos\house_signer_03_rep2.mp4,house,7,signer_03,train,53,25.0,2.12,426x240
raw_0049,time_signer_01_rep1.mp4,data/raw/videos\time_signer_01_rep1.mp4,time,8,signer_01,train,45,25.0,1.8,426x240
raw_0050,time_signer_01_rep2.mp4,data/raw/videos\time_signer_01_rep2.mp4,time,8,signer_01,val,55,25.0,2.2,426x240
raw_0051,time_signer_02_rep1.mp4,data/raw/videos\time_signer_02_rep1.mp4,time,8,signer_02,test,45,25.0,1.8,426x240
raw_0052,time_signer_02_rep2.mp4,data/raw/videos\time_signer_02_rep2.mp4,time,8,signer_02,train,55,25.0,2.2,426x240
raw_0053,time_signer_03_rep1.mp4,data/raw/videos\time_signer_03_rep1.mp4,time,8,signer_03,train,45,25.0,1.8,426x240
raw_0054,time_signer_03_rep2.mp4,data/raw/videos\time_signer_03_rep2.mp4,time,8,signer_03,train,55,25.0,2.2,426x240
raw_0055,teacher_signer_01_rep1.mp4,data/raw/videos\teacher_signer_01_rep1.mp4,teacher,9,signer_01,test,45,25.0,1.8,426x240
raw_0056,teacher_signer_01_rep2.mp4,data/raw/videos\teacher_signer_01_rep2.mp4,teacher,9,signer_01,train,55,25.0,2.2,426x240
raw_0057,teacher_signer_02_rep1.mp4,data/raw/videos\teacher_signer_02_rep1.mp4,teacher,9,signer_02,train,45,25.0,1.8,426x240
raw_0058,teacher_signer_02_rep2.mp4,data/raw/videos\teacher_signer_02_rep2.mp4,teacher,9,signer_02,train,55,25.0,2.2,426x240
raw_0059,teacher_signer_03_rep1.mp4,data/raw/videos\teacher_signer_03_rep1.mp4,teacher,9,signer_03,val,45,25.0,1.8,426x240
raw_0060,teacher_signer_03_rep2.mp4,data/raw/videos\teacher_signer_03_rep2.mp4,teacher,9,signer_03,test,55,25.0,2.2,426x240
