epoch,lr,train_loss,train_acc,train_macro_f1,val_loss,val_acc,val_macro_f1,val_weighted_f1,epoch_time_sec
1,0.000999,2.4555,0.0714,0.0567,2.3216,0.0833,0.0154,0.0128,1.02
2,0.000995,2.4114,0.1429,0.0348,2.3031,0.0833,0.0167,0.0139,1.15
3,0.000989,2.297,0.1429,0.0451,2.3301,0.1667,0.0622,0.0519,0.65
4,0.000981,2.1823,0.2857,0.1242,2.2928,0.1667,0.0583,0.0486,1.04
5,0.00097,2.142,0.1429,0.0946,2.2471,0.0833,0.04,0.0333,0.62
6,0.000957,2.0472,0.2143,0.1399,2.2323,0.0833,0.05,0.0417,0.56
7,0.000942,1.9113,0.3571,0.2397,2.2718,0.0833,0.04,0.0333,0.64
8,0.000925,1.7496,0.3214,0.2305,2.259,0.25,0.1833,0.1528,0.85
9,0.000905,1.6386,0.3929,0.215,2.2194,0.1667,0.0733,0.0611,0.69
10,0.000884,1.689,0.2143,0.119,2.3211,0.25,0.1667,0.1389,0.69
11,0.000861,1.5676,0.5357,0.3817,2.3406,0.1667,0.0786,0.0655,0.71
12,0.000836,1.5898,0.4286,0.2738,2.2935,0.25,0.1619,0.1349,0.59
13,0.00081,1.5246,0.4286,0.361,2.311,0.1667,0.0686,0.0571,0.55
14,0.000782,1.333,0.6071,0.4912,2.3687,0.1667,0.1167,0.1528,0.51
15,0.000753,1.4283,0.3571,0.2411,2.3732,0.0833,0.04,0.0333,0.8
16,0.000722,1.4226,0.4643,0.3594,2.3722,0.0833,0.04,0.0333,0.58
17,0.00069,1.2759,0.5357,0.386,2.3425,0.1667,0.1333,0.1111,0.52
18,0.000658,1.2413,0.6786,0.5434,2.3501,0.1667,0.15,0.125,0.67
19,0.000625,1.208,0.6429,0.5022,2.3614,0.1667,0.15,0.125,0.58
20,0.000591,1.214,0.6071,0.4746,2.3585,0.1667,0.0733,0.0611,0.6
21,0.000557,1.2832,0.5714,0.4994,2.307,0.1667,0.15,0.125,0.6
22,0.000522,1.1968,0.6071,0.5167,2.3536,0.25,0.2333,0.25,0.6
23,0.000488,1.0681,0.6429,0.5344,2.3706,0.25,0.2333,0.25,0.58
24,0.000453,0.9909,0.6786,0.5638,2.3711,0.25,0.1833,0.1528,0.55
25,0.000419,0.9984,0.7143,0.6988,2.3912,0.3333,0.2667,0.2778,1.49
26,0.000385,0.932,0.7143,0.6154,2.3973,0.25,0.2333,0.25,0.67
27,0.000352,0.9516,0.7143,0.6379,2.3698,0.25,0.2333,0.25,0.6
28,0.00032,0.9284,0.75,0.6916,2.3885,0.25,0.1786,0.1488,0.6
29,0.000288,0.8668,0.7857,0.7346,2.3888,0.25,0.1833,0.1528,0.56
30,0.000258,0.8213,0.8571,0.8411,2.3941,0.25,0.1786,0.1488,0.56
31,0.000228,0.8316,0.8214,0.7494,2.4203,0.25,0.1786,0.1488,0.58
32,0.0002,0.8303,0.7857,0.7552,2.423,0.3333,0.2619,0.2738,0.52
33,0.000174,0.8581,0.8571,0.7994,2.4113,0.3333,0.2619,0.2738,0.58
34,0.000149,0.8584,0.7857,0.7661,2.4132,0.3333,0.2619,0.2738,0.56
35,0.000126,0.8296,0.75,0.749,2.4228,0.25,0.1786,0.1488,0.6
36,0.000105,0.7571,0.7857,0.6906,2.4315,0.25,0.1786,0.1488,1.09
37,8.5e-05,0.8006,0.75,0.6239,2.427,0.25,0.1786,0.1488,1.93
38,6.8e-05,0.7361,0.7857,0.7344,2.4178,0.25,0.1786,0.1488,1.73
39,5.3e-05,0.7885,0.8214,0.7737,2.4156,0.25,0.1786,0.1488,1.31
40,4e-05,0.7769,0.75,0.6638,2.412,0.3333,0.2619,0.2738,1.44
