threshold,history_size,min_votes,accuracy,flip_rate,duplicate_rate,emitted_events
0.55,3,2,0.7083,0.0,0.0,9
0.55,3,3,0.7083,0.0,0.0,9
0.55,5,2,0.5833,0.0,0.0,9
0.55,5,3,0.5833,0.0,0.0,9
0.55,5,4,0.5833,0.0,0.0,9
0.55,7,2,0.4375,0.0,0.0,9
0.55,7,3,0.4375,0.0,0.0,9
0.55,7,4,0.4375,0.0,0.0,9
0.6,3,2,0.6458,0.0,0.0,9
0.6,3,3,0.6458,0.0,0.0,9
0.6,5,2,0.5417,0.0,0.0,9
0.6,5,3,0.5417,0.0,0.0,9
0.6,5,4,0.5417,0.0,0.0,9
0.6,7,2,0.4167,0.0,0.0,8
0.6,7,3,0.4167,0.0,0.0,8
0.6,7,4,0.4167,0.0,0.0,9
0.65,3,2,0.6458,0.0,0.0,9
0.65,3,3,0.6458,0.0,0.0,9
0.65,5,2,0.5417,0.0,0.0,9
0.65,5,3,0.5417,0.0,0.0,9
0.65,5,4,0.5417,0.0,0.0,9
0.65,7,2,0.4167,0.0,0.0,8
0.65,7,3,0.4167,0.0,0.0,8
0.65,7,4,0.4167,0.0,0.0,9
0.7,3,2,0.6458,0.0,0.0,9
0.7,3,3,0.6458,0.0,0.0,9
0.7,5,2,0.5417,0.0,0.0,9
0.7,5,3,0.5417,0.0,0.0,9
0.7,5,4,0.5417,0.0,0.0,9
0.7,7,2,0.4167,0.0,0.0,8
0.7,7,3,0.4167,0.0,0.0,8
0.7,7,4,0.4167,0.0,0.0,9
0.75,3,2,0.5625,0.0,0.1429,6
0.75,3,3,0.5625,0.0,0.1429,6
0.75,5,2,0.5417,0.0,0.1429,6
0.75,5,3,0.5417,0.0,0.1429,6
0.75,5,4,0.5417,0.0,0.1429,6
0.75,7,2,0.4792,0.0,0.0,5
0.75,7,3,0.4792,0.0,0.0,5
0.75,7,4,0.4792,0.0,0.1429,6
0.8,3,2,0.5,0.0,0.0,5
0.8,3,3,0.5,0.0,0.0,5
0.8,5,2,0.5,0.0,0.0,5
0.8,5,3,0.5,0.0,0.0,5
0.8,5,4,0.5,0.0,0.0,5
0.8,7,2,0.4583,0.0,0.0,4
0.8,7,3,0.4583,0.0,0.0,4
0.8,7,4,0.4583,0.0,0.0,5
