epoch,train_loss,train_token_acc,train_seq_acc,val_loss,val_token_acc,val_teacher_seq_acc,val_gen_seq_acc,val_macro_f1,lr,epoch_sec,is_best
1,2.7666,0.3472,0.0278,1.4684,0.5,0.0,0.0,0.0606,0.000999,10.77,True
2,1.1417,0.5972,0.1944,0.7244,0.9167,0.8333,0.8333,0.8448,0.000997,10.18,True
3,0.4053,0.9444,0.8889,0.419,0.9167,0.8333,0.8333,0.8182,0.000994,10.1,False
4,0.0964,0.9861,0.9722,0.3777,0.9583,0.9167,0.9167,0.9394,0.000989,9.71,True
5,0.0282,1.0,1.0,0.3873,0.9583,0.9167,0.9167,0.9394,0.000983,10.65,False
6,0.0067,1.0,1.0,0.4938,0.9583,0.9167,0.9167,0.9394,0.000976,11.34,False
7,0.0052,1.0,1.0,0.53,0.9583,0.9167,0.9167,0.9394,0.000967,10.42,False
8,0.0034,1.0,1.0,0.5044,0.9583,0.9167,0.9167,0.9394,0.000957,9.26,False
9,0.0012,1.0,1.0,0.4856,0.9583,0.9167,0.9167,0.9394,0.000946,7.68,False
10,0.0014,1.0,1.0,0.4562,0.9583,0.9167,0.9167,0.9394,0.000934,7.68,False
11,0.0015,1.0,1.0,0.4315,0.9583,0.9167,0.9167,0.9394,0.000920,7.67,False
12,0.0008,1.0,1.0,0.4173,0.9583,0.9167,0.9167,0.9394,0.000905,10.48,False
13,0.0006,1.0,1.0,0.4152,0.9583,0.9167,0.9167,0.9394,0.000890,12.19,False
14,0.0005,1.0,1.0,0.4203,0.9583,0.9167,0.9167,0.9394,0.000873,8.76,False
15,0.0005,1.0,1.0,0.4267,0.9583,0.9167,0.9167,0.9394,0.000855,9.41,False
16,0.0004,1.0,1.0,0.4344,0.9583,0.9167,0.9167,0.9394,0.000836,8.56,False
17,0.0004,1.0,1.0,0.4407,0.9583,0.9167,0.9167,0.9394,0.000817,9.02,False
18,0.0003,1.0,1.0,0.4465,0.9583,0.9167,0.9167,0.9394,0.000796,9.78,False
19,0.0003,1.0,1.0,0.4507,0.9583,0.9167,0.9167,0.9394,0.000775,9.37,False
20,0.0003,1.0,1.0,0.4535,0.9583,0.9167,0.9167,0.9394,0.000753,7.53,False
21,0.0003,1.0,1.0,0.4551,0.9583,0.9167,0.9167,0.9394,0.000730,11.19,False
22,0.0003,1.0,1.0,0.4564,0.9583,0.9167,0.9167,0.9394,0.000706,11.22,False
23,0.0003,1.0,1.0,0.4575,0.9583,0.9167,0.9167,0.9394,0.000682,9.46,False
24,0.0003,1.0,1.0,0.4571,0.9583,0.9167,0.9167,0.9394,0.000658,10.32,False
