sequence_id,source_dataset,source_recording_id,source_video_id,signer_id,split,class_id,label,gloss,translation,sequence_start_frame,sequence_end_frame,sequence_start_time,sequence_end_time,frame_count,target_frames,fps,duration_seconds,landmark_schema_version,preprocessing_version,dataset_version,quality_score,quality_status,classification_reason,valid_frames,pose_detection_rate,left_hand_detection_rate,right_hand_detection_rate,face_detection_rate,missing_landmark_ratio,sequence_generation_method,window_size,stride,padding_length,mask_available,augmentation_status,file_path
seq_0061,INCLUDE,raw_0061,MVI_5183.MOV,signer_51,train,3,happy,HAPPY,Happy,0,70,0.0,2.84,71,45,25.0,2.84,93-node-v1,landmarks-v1.0,signTalk-seq-v1.0.0,0.9267,GOOD,High landmark quality and continuous pose tracking,45,100.0,84.44,100.0,0.0,0.4652,full_recording,45,45,0,True,none,data/processed/sequences/train/seq_0061.npz
seq_0062,INCLUDE,raw_0062,MVI_5184.MOV,signer_51,train,3,happy,HAPPY,Happy,0,68,0.0,2.76,69,45,25.0,2.76,93-node-v1,landmarks-v1.0,signTalk-seq-v1.0.0,0.95,GOOD,High landmark quality and continuous pose tracking,45,100.0,100.0,100.0,0.0,0.4301,full_recording,45,45,0,True,none,data/processed/sequences/train/seq_0062.npz
seq_0063,INCLUDE,raw_0063,MVI_5185.MOV,signer_51,train,3,happy,HAPPY,Happy,0,77,0.0,3.12,78,45,25.0,3.12,93-node-v1,landmarks-v1.0,signTalk-seq-v1.0.0,0.95,GOOD,High landmark quality and continuous pose tracking,45,100.0,100.0,100.0,0.0,0.4301,full_recording,45,45,0,True,none,data/processed/sequences/train/seq_0063.npz
seq_0064,INCLUDE,raw_0064,MVI_5263.MOV,signer_52,train,3,happy,HAPPY,Happy,0,52,0.0,2.12,53,45,25.0,2.12,93-node-v1,landmarks-v1.0,signTalk-seq-v1.0.0,0.95,GOOD,High landmark quality and continuous pose tracking,45,100.0,100.0,100.0,0.0,0.4301,full_recording,45,45,0,True,none,data/processed/sequences/train/seq_0064.npz
seq_0065,INCLUDE,raw_0065,MVI_5264.MOV,signer_52,test,3,happy,HAPPY,Happy,0,55,0.0,2.24,56,45,25.0,2.24,93-node-v1,landmarks-v1.0,signTalk-seq-v1.0.0,0.94,GOOD,High landmark quality and continuous pose tracking,45,100.0,93.33,100.0,0.0,0.4452,full_recording,45,45,0,True,none,data/processed/sequences/test/seq_0065.npz
seq_0066,INCLUDE,raw_0066,MVI_5265.MOV,signer_52,test,3,happy,HAPPY,Happy,0,47,0.0,1.92,48,45,25.0,1.92,93-node-v1,landmarks-v1.0,signTalk-seq-v1.0.0,0.95,GOOD,High landmark quality and continuous pose tracking,45,100.0,100.0,100.0,0.0,0.4301,full_recording,45,45,0,True,none,data/processed/sequences/test/seq_0066.npz
seq_0067,INCLUDE,raw_0067,MVI_5341.MOV,signer_53,train,3,happy,HAPPY,Happy,0,40,0.0,1.64,41,45,25.0,1.64,93-node-v1,landmarks-v1.0,signTalk-seq-v1.0.0,0.95,GOOD,High landmark quality and continuous pose tracking,45,100.0,100.0,100.0,0.0,0.4301,full_recording,45,45,0,True,none,data/processed/sequences/train/seq_0067.npz
seq_0068,INCLUDE,raw_0068,MVI_5342.MOV,signer_53,test,3,happy,HAPPY,Happy,0,52,0.0,2.12,53,45,25.0,2.12,93-node-v1,landmarks-v1.0,signTalk-seq-v1.0.0,0.95,GOOD,High landmark quality and continuous pose tracking,45,100.0,100.0,100.0,0.0,0.4301,full_recording,45,45,0,True,none,data/processed/sequences/test/seq_0068.npz
seq_0069,INCLUDE,raw_0069,MVI_5343.MOV,signer_53,train,3,happy,HAPPY,Happy,0,72,0.0,2.92,73,45,25.0,2.92,93-node-v1,landmarks-v1.0,signTalk-seq-v1.0.0,0.95,GOOD,High landmark quality and continuous pose tracking,45,100.0,100.0,100.0,0.0,0.4301,full_recording,45,45,0,True,none,data/processed/sequences/train/seq_0069.npz
seq_0070,INCLUDE,raw_0070,MVI_9295.MOV,signer_92,train,3,happy,HAPPY,Happy,0,47,0.0,1.92,48,45,25.0,1.92,93-node-v1,landmarks-v1.0,signTalk-seq-v1.0.0,0.95,GOOD,High landmark quality and continuous pose tracking,45,100.0,100.0,100.0,0.0,0.4301,full_recording,45,45,0,True,none,data/processed/sequences/train/seq_0070.npz
seq_0071,INCLUDE,raw_0071,MVI_9296.MOV,signer_92,train,3,happy,HAPPY,Happy,0,49,0.0,2.0,50,45,25.0,2.0,93-node-v1,landmarks-v1.0,signTalk-seq-v1.0.0,0.9167,GOOD,High landmark quality and continuous pose tracking,45,100.0,100.0,77.78,0.0,0.4803,full_recording,45,45,0,True,none,data/processed/sequences/train/seq_0071.npz
seq_0072,INCLUDE,raw_0072,MVI_9297.MOV,signer_92,train,3,happy,HAPPY,Happy,0,47,0.0,1.92,48,45,25.0,1.92,93-node-v1,landmarks-v1.0,signTalk-seq-v1.0.0,0.95,GOOD,High landmark quality and continuous pose tracking,45,100.0,100.0,100.0,0.0,0.4301,full_recording,45,45,0,True,none,data/processed/sequences/train/seq_0072.npz
seq_0073,INCLUDE,raw_0073,MVI_9374.MOV,signer_93,train,3,happy,HAPPY,Happy,0,44,0.0,1.8,45,45,25.0,1.8,93-node-v1,landmarks-v1.0,signTalk-seq-v1.0.0,0.7689,GOOD,High landmark quality and continuous pose tracking,33,100.0,68.89,62.22,0.0,0.5857,full_recording,45,45,0,True,none,data/processed/sequences/train/seq_0073.npz
seq_0074,INCLUDE,raw_0074,MVI_9375.MOV,signer_93,val,3,happy,HAPPY,Happy,0,40,0.0,1.64,41,45,25.0,1.64,93-node-v1,landmarks-v1.0,signTalk-seq-v1.0.0,0.8722,GOOD,High landmark quality and continuous pose tracking,40,100.0,77.78,88.89,0.0,0.5054,full_recording,45,45,0,True,none,data/processed/sequences/val/seq_0074.npz
seq_0075,INCLUDE,raw_0075,MVI_9376.MOV,signer_93,train,3,happy,HAPPY,Happy,0,35,0.0,1.44,36,45,25.0,1.44,93-node-v1,landmarks-v1.0,signTalk-seq-v1.0.0,0.8222,GOOD,High landmark quality and continuous pose tracking,41,100.0,88.89,44.44,0.0,0.5806,full_recording,45,45,0,True,none,data/processed/sequences/train/seq_0075.npz
seq_0076,INCLUDE,raw_0076,MVI_9454.MOV,signer_94,train,3,happy,HAPPY,Happy,0,43,0.0,1.76,44,45,25.0,1.76,93-node-v1,landmarks-v1.0,signTalk-seq-v1.0.0,0.9133,GOOD,High landmark quality and continuous pose tracking,45,100.0,100.0,75.56,0.0,0.4853,full_recording,45,45,0,True,none,data/processed/sequences/train/seq_0076.npz
seq_0077,INCLUDE,raw_0077,MVI_9455.MOV,signer_94,train,3,happy,HAPPY,Happy,0,50,0.0,2.04,51,45,25.0,2.04,93-node-v1,landmarks-v1.0,signTalk-seq-v1.0.0,0.9367,GOOD,High landmark quality and continuous pose tracking,45,100.0,91.11,100.0,0.0,0.4502,full_recording,45,45,0,True,none,data/processed/sequences/train/seq_0077.npz
seq_0078,INCLUDE,raw_0078,MVI_9456.MOV,signer_94,val,3,happy,HAPPY,Happy,0,42,0.0,1.72,43,45,25.0,1.72,93-node-v1,landmarks-v1.0,signTalk-seq-v1.0.0,0.7911,GOOD,High landmark quality and continuous pose tracking,45,100.0,71.11,71.11,0.0,0.5606,full_recording,45,45,0,True,none,data/processed/sequences/val/seq_0078.npz
seq_0079,INCLUDE,raw_0079,MVI_9540.MOV,signer_95,train,3,happy,HAPPY,Happy,0,49,0.0,2.0,50,45,25.0,2.0,93-node-v1,landmarks-v1.0,signTalk-seq-v1.0.0,0.95,GOOD,High landmark quality and continuous pose tracking,45,100.0,100.0,100.0,0.0,0.4301,full_recording,45,45,0,True,none,data/processed/sequences/train/seq_0079.npz
seq_0080,INCLUDE,raw_0080,MVI_9541.MOV,signer_95,train,3,happy,HAPPY,Happy,0,56,0.0,2.28,57,45,25.0,2.28,93-node-v1,landmarks-v1.0,signTalk-seq-v1.0.0,0.95,GOOD,High landmark quality and continuous pose tracking,45,100.0,100.0,100.0,0.0,0.4301,full_recording,45,45,0,True,none,data/processed/sequences/train/seq_0080.npz
seq_0081,INCLUDE,raw_0081,MVI_9542.MOV,signer_95,test,3,happy,HAPPY,Happy,0,57,0.0,2.32,58,45,25.0,2.32,93-node-v1,landmarks-v1.0,signTalk-seq-v1.0.0,0.9467,GOOD,High landmark quality and continuous pose tracking,45,100.0,97.78,100.0,0.0,0.4351,full_recording,45,45,0,True,none,data/processed/sequences/test/seq_0081.npz
seq_0082,INCLUDE,raw_0082,MVI_4457.MOV,signer_44,train,9,teacher,TEACHER,Teacher,0,66,0.0,2.68,67,45,25.0,2.68,93-node-v1,landmarks-v1.0,signTalk-seq-v1.0.0,0.8367,GOOD,High landmark quality and continuous pose tracking,45,100.0,24.44,100.0,0.0,0.6007,full_recording,45,45,0,True,none,data/processed/sequences/train/seq_0082.npz
seq_0083,INCLUDE,raw_0083,MVI_4458.MOV,signer_44,train,9,teacher,TEACHER,Teacher,0,72,0.0,2.92,73,45,25.0,2.92,93-node-v1,landmarks-v1.0,signTalk-seq-v1.0.0,0.8133,GOOD,High landmark quality and continuous pose tracking,45,100.0,8.89,100.0,0.0,0.6358,full_recording,45,45,0,True,none,data/processed/sequences/train/seq_0083.npz
seq_0084,INCLUDE,raw_0084,MVI_4459.MOV,signer_44,train,9,teacher,TEACHER,Teacher,0,78,0.0,3.16,79,45,25.0,3.16,93-node-v1,landmarks-v1.0,signTalk-seq-v1.0.0,0.8567,GOOD,High landmark quality and continuous pose tracking,45,100.0,37.78,100.0,0.0,0.5706,full_recording,45,45,0,True,none,data/processed/sequences/train/seq_0084.npz
seq_0085,INCLUDE,raw_0085,MVI_4460.MOV,signer_44,train,9,teacher,TEACHER,Teacher,0,67,0.0,2.72,68,45,25.0,2.72,93-node-v1,landmarks-v1.0,signTalk-seq-v1.0.0,0.8533,GOOD,High landmark quality and continuous pose tracking,45,97.78,53.33,95.56,0.0,0.5481,full_recording,45,45,0,True,none,data/processed/sequences/train/seq_0085.npz
seq_0086,INCLUDE,raw_0086,MVI_4744.MOV,signer_47,train,9,teacher,TEACHER,Teacher,0,52,0.0,2.12,53,45,25.0,2.12,93-node-v1,landmarks-v1.0,signTalk-seq-v1.0.0,0.7689,GOOD,High landmark quality and continuous pose tracking,35,100.0,44.44,75.56,0.0,0.6108,full_recording,45,45,0,True,none,data/processed/sequences/train/seq_0086.npz
seq_0087,INCLUDE,raw_0087,MVI_4745.MOV,signer_47,train,9,teacher,TEACHER,Teacher,0,63,0.0,2.56,64,45,25.0,2.56,93-node-v1,landmarks-v1.0,signTalk-seq-v1.0.0,0.8133,GOOD,High landmark quality and continuous pose tracking,45,100.0,8.89,100.0,0.0,0.6358,full_recording,45,45,0,True,none,data/processed/sequences/train/seq_0087.npz
seq_0088,INCLUDE,raw_0088,MVI_4746.MOV,signer_47,val,9,teacher,TEACHER,Teacher,0,58,0.0,2.36,59,45,25.0,2.36,93-node-v1,landmarks-v1.0,signTalk-seq-v1.0.0,0.8267,GOOD,High landmark quality and continuous pose tracking,45,100.0,17.78,100.0,0.0,0.6158,full_recording,45,45,0,True,none,data/processed/sequences/val/seq_0088.npz
seq_0089,INCLUDE,raw_0089,MVI_5310.MOV,signer_53,test,9,teacher,TEACHER,Teacher,0,60,0.0,2.44,61,45,25.0,2.44,93-node-v1,landmarks-v1.0,signTalk-seq-v1.0.0,0.8267,GOOD,High landmark quality and continuous pose tracking,45,100.0,53.33,86.67,0.0,0.5656,full_recording,45,45,0,True,none,data/processed/sequences/test/seq_0089.npz
seq_0090,INCLUDE,raw_0090,MVI_5311.MOV,signer_53,train,9,teacher,TEACHER,Teacher,0,49,0.0,2.0,50,45,25.0,2.0,93-node-v1,landmarks-v1.0,signTalk-seq-v1.0.0,0.8744,GOOD,High landmark quality and continuous pose tracking,45,100.0,55.56,97.78,0.0,0.5355,full_recording,45,45,0,True,none,data/processed/sequences/train/seq_0090.npz
seq_0091,INCLUDE,raw_0091,MVI_5312.MOV,signer_53,train,9,teacher,TEACHER,Teacher,0,50,0.0,2.04,51,45,25.0,2.04,93-node-v1,landmarks-v1.0,signTalk-seq-v1.0.0,0.9033,GOOD,High landmark quality and continuous pose tracking,45,100.0,68.89,100.0,0.0,0.5004,full_recording,45,45,0,True,none,data/processed/sequences/train/seq_0091.npz
seq_0092,INCLUDE,raw_0092,MVI_5313.MOV,signer_53,test,9,teacher,TEACHER,Teacher,0,54,0.0,2.2,55,45,25.0,2.2,93-node-v1,landmarks-v1.0,signTalk-seq-v1.0.0,0.8833,GOOD,High landmark quality and continuous pose tracking,45,100.0,55.56,100.0,0.0,0.5305,full_recording,45,45,0,True,none,data/processed/sequences/test/seq_0092.npz
seq_0093,INCLUDE,raw_0093,MVI_8864.MP4,signer_88,train,9,teacher,TEACHER,Teacher,0,72,0.0,2.92,73,45,25.0,2.92,93-node-v1,landmarks-v1.0,signTalk-seq-v1.0.0,0.95,GOOD,High landmark quality and continuous pose tracking,45,100.0,100.0,100.0,0.0,0.4301,full_recording,45,45,0,True,none,data/processed/sequences/train/seq_0093.npz
seq_0094,INCLUDE,raw_0094,MVI_8865.MP4,signer_88,train,9,teacher,TEACHER,Teacher,0,59,0.0,2.4,60,45,25.0,2.4,93-node-v1,landmarks-v1.0,signTalk-seq-v1.0.0,0.8667,GOOD,High landmark quality and continuous pose tracking,45,100.0,44.44,100.0,0.0,0.5556,full_recording,45,45,0,True,none,data/processed/sequences/train/seq_0094.npz
seq_0095,INCLUDE,raw_0095,MVI_8866.MP4,signer_88,test,9,teacher,TEACHER,Teacher,0,60,0.0,2.44,61,45,25.0,2.44,93-node-v1,landmarks-v1.0,signTalk-seq-v1.0.0,0.8867,GOOD,High landmark quality and continuous pose tracking,45,100.0,57.78,100.0,0.0,0.5254,full_recording,45,45,0,True,none,data/processed/sequences/test/seq_0095.npz
