threshold,num_accepted,num_rejected,rejection_rate,accepted_accuracy,false_acceptances,false_rejections,precision,recall,f1_score
0.4,12,0,0.0,0.9167,1,0,0.9167,1.0,0.9565
0.5,12,0,0.0,0.9167,1,0,0.9167,1.0,0.9565
0.55,12,0,0.0,0.9167,1,0,0.9167,1.0,0.9565
0.6,10,2,0.1667,0.9,1,2,0.9,0.8182,0.8571
0.65,10,2,0.1667,0.9,1,2,0.9,0.8182,0.8571
0.7,10,2,0.1667,0.9,1,2,0.9,0.8182,0.8571
0.75,8,4,0.3333,0.875,1,4,0.875,0.6364,0.7368
0.8,6,6,0.5,1.0,0,5,1.0,0.5455,0.7059
0.85,5,7,0.5833,1.0,0,6,1.0,0.4545,0.625
0.9,4,8,0.6667,1.0,0,7,1.0,0.3636,0.5333
