event_id,label,class_id,start_time,end_time,duration_ms,confidence,input_quality,stability_score,source_window_start,source_window_end
evt_40abd976,hello,0,0.0000,2.8000,2800.00,0.9897,0.7878,0.8800,0,0
evt_bedbf93f,thankyou,1,0.4000,4.4000,4000.00,0.8923,0.7020,0.8444,0,0
evt_74fd2d0c,good,2,2.0000,5.2000,3200.00,0.9829,0.4333,0.7200,0,0
evt_ec6813cc,monday,4,3.6000,6.8000,3200.00,0.7590,0.4000,0.7200,0,0
evt_61e716dd,car,5,4.4000,7.6000,3200.00,0.7013,0.4456,0.7200,0,0
evt_f00749f8,bird,6,5.2000,8.4000,3200.00,0.9711,0.5344,0.7200,0,0
evt_925f5cda,time,8,6.0000,9.2000,3200.00,0.7796,0.6622,0.7200,0,0
evt_1c578cf9,house,7,6.8000,10.0000,3200.00,0.7448,0.4089,0.7200,0,0
evt_6c906883,time,8,7.6000,10.8000,3200.00,0.8974,0.7478,0.7200,0,0
